Open,Close,High,Low,Volume,Date
0,563.243,0,0,,02/26/26
0,562.499,0,0,,02/25/26
0,560.992,0,0,,02/24/26
0,561.329,0,0,,02/23/26
0,562.373,0,0,,02/20/26
0,560.986,0,0,,02/19/26
0,559.857,0,0,,02/18/26
0,554.962,0,0,,02/13/26
0,555.248,0,0,,02/12/26
0,565.52,0,0,,02/11/26
0,564.282,0,0,,02/10/26
0,563.101,0,0,,02/09/26
0,555.506,0,0,,02/06/26
0,554.758,0,0,,02/05/26
0,567.557,0,0,,02/04/26
0,550.802,0,0,,02/03/26
0,541.264,0,0,,02/02/26
0,561.357,0,0,,01/30/26
0,522.164,0,0,,01/29/26
0,520.843,0,0,,01/28/26
0,520.47,0,0,,01/27/26
0,517.932,0,0,,01/26/26
0,518.737,0,0,,01/23/26
0,515.981,0,0,,01/22/26
0,518.842,0,0,,01/21/26
0,515.293,0,0,,01/20/26
0,512.075,0,0,,01/16/26
0,511.088,0,0,,01/15/26
0,524.861,0,0,,01/14/26
0,520.728,0,0,,01/13/26
0,511.945,0,0,,01/12/26
0,511.169,0,0,,01/09/26
0,504.076,0,0,,01/08/26
0,488.483,0,0,,01/07/26
0,487.868,0,0,,01/06/26
0,491.77,0,0,,01/05/26
0,488.025,0,0,,01/02/26
0,504.93,0,0,,12/31/25
0,504.766,0,0,,12/30/25
0,505.115,0,0,,12/29/25
0,504.075,0,0,,12/26/25
0,505.791,0,0,,12/24/25
0,506.581,0,0,,12/23/25
0,507.422,0,0,,12/22/25
0,504.422,0,0,,12/19/25
0,502.288,0,0,,12/18/25
0,501.781,0,0,,12/17/25
0,499.339,0,0,,12/16/25
0,505.848,0,0,,12/15/25
0,508.169,0,0,,12/12/25
0,511.723,0,0,,12/11/25
0,519.458,0,0,,12/10/25
0,516.561,0,0,,12/09/25
0,516.855,0,0,,12/08/25
0,521.583,0,0,,12/05/25
0,517.564,0,0,,12/04/25
0,512.905,0,0,,12/03/25
0,510.344,0,0,,12/02/25
0,516.776,0,0,,12/01/25
0,510.733,0,0,,11/28/25
0,529.173,0,0,,11/26/25
0,528.218,0,0,,11/25/25
0,530.39,0,0,,11/24/25
0,530.461,0,0,,11/21/25
0,532.838,0,0,,11/20/25
0,534.045,0,0,,11/19/25
0,538.723,0,0,,11/18/25
0,536.463,0,0,,11/17/25
0,540.329,0,0,,11/14/25
0,535.726,0,0,,11/13/25
0,533.441,0,0,,11/12/25
0,544.805,0,0,,11/11/25
0,540.503,0,0,,11/10/25
0,539.853,0,0,,11/07/25
0,539.82,0,0,,11/06/25
0,534.865,0,0,,11/05/25
0,538.875,0,0,,11/04/25
0,542.458,0,0,,11/03/25
0,527.891,0,0,,10/31/25
0,527.551,0,0,,10/30/25
0,527.011,0,0,,10/29/25
0,526.262,0,0,,10/28/25
0,527.105,0,0,,10/27/25
0,527.229,0,0,,10/24/25
0,527.271,0,0,,10/23/25
0,521.261,0,0,,10/22/25
0,516.511,0,0,,10/21/25
0,515.316,0,0,,10/20/25
0,516.144,0,0,,10/17/25
0,514.459,0,0,,10/16/25
0,518.343,0,0,,10/15/25
0,521.319,0,0,,10/14/25
0,529.227,0,0,,10/13/25
0,527.963,0,0,,10/10/25
0,540.927,0,0,,10/09/25
0,545.282,0,0,,10/08/25
0,543.55,0,0,,10/07/25
0,542.576,0,0,,10/06/25
0,535.577,0,0,,10/03/25
0,532.934,0,0,,10/02/25
0,537.858,0,0,,10/01/25
0,562.114,0,0,,09/30/25
0,562.753,0,0,,09/29/25
0,564.204,0,0,,09/26/25
0,563.997,0,0,,09/25/25
0,564.384,0,0,,09/24/25
0,562.723,0,0,,09/23/25
0,560.353,0,0,,09/22/25
0,560.534,0,0,,09/19/25
0,563.359,0,0,,09/18/25
0,565.095,0,0,,09/17/25
0,570.339,0,0,,09/16/25
0,566.256,0,0,,09/15/25
0,564.517,0,0,,09/12/25
0,561.117,0,0,,09/11/25
0,565.082,0,0,,09/10/25
0,559.322,0,0,,09/09/25
0,554.321,0,0,,09/08/25
0,552.65,0,0,,09/05/25
0,564.247,0,0,,09/04/25
0,565.074,0,0,,09/03/25
0,572.756,0,0,,09/02/25
0,559.2,0,0,,08/29/25
0,559.447,0,0,,08/28/25
0,559.324,0,0,,08/27/25
0,558.513,0,0,,08/26/25
0,560.116,0,0,,08/25/25
0,558.159,0,0,,08/22/25
0,559.223,0,0,,08/21/25
0,556.952,0,0,,08/20/25
0,553.733,0,0,,08/19/25
0,555.043,0,0,,08/18/25
0,552.563,0,0,,08/15/25
0,554.786,0,0,,08/14/25
0,550.717,0,0,,08/13/25
0,551.627,0,0,,08/12/25
0,554.436,0,0,,08/11/25
0,555.847,0,0,,08/08/25
0,553.999,0,0,,08/07/25
0,550.982,0,0,,08/06/25
0,555.851,0,0,,08/05/25
0,559.411,0,0,,08/04/25
0,561.988,0,0,,08/01/25
0,554.837,0,0,,07/31/25
0,555.09,0,0,,07/30/25
0,555.242,0,0,,07/29/25
0,552.89,0,0,,07/28/25
0,549.837,0,0,,07/25/25
0,549.485,0,0,,07/24/25
0,548.457,0,0,,07/23/25
0,546.949,0,0,,07/22/25
0,550.102,0,0,,07/21/25
0,550.307,0,0,,07/18/25
0,552.62,0,0,,07/17/25
0,551.435,0,0,,07/16/25
0,551.704,0,0,,07/15/25
0,552.049,0,0,,07/14/25
0,557.42,0,0,,07/11/25
0,550.61,0,0,,07/10/25
0,558.54,0,0,,07/09/25
0,561.685,0,0,,07/08/25
0,554.971,0,0,,07/07/25
0,545.836,0,0,,07/03/25
0,551.435,0,0,,07/02/25
0,539.604,0,0,,07/01/25
0,535.629,0,0,,06/30/25
0,559.228,0,0,,06/27/25
0,559.255,0,0,,06/26/25
0,559.314,0,0,,06/25/25
0,559.567,0,0,,06/24/25
0,566.948,0,0,,06/23/25
0,576.875,0,0,,06/20/25
0,575.772,0,0,,06/18/25
0,576.654,0,0,,06/17/25
0,568.869,0,0,,06/16/25
0,571.482,0,0,,06/13/25
0,554.045,0,0,,06/12/25
0,558.318,0,0,,06/11/25
0,540.829,0,0,,06/10/25
0,542.824,0,0,,06/09/25
0,538.742,0,0,,06/06/25
0,532.395,0,0,,06/05/25
0,528.531,0,0,,06/04/25
0,537.05,0,0,,06/03/25
0,531.125,0,0,,06/02/25
0,544.725,0,0,,05/30/25
0,544.923,0,0,,05/29/25
0,545.909,0,0,,05/28/25
0,545.457,0,0,,05/27/25
0,546.218,0,0,,05/23/25
0,546.358,0,0,,05/22/25
0,547.864,0,0,,05/21/25
0,549.353,0,0,,05/20/25
0,550.679,0,0,,05/19/25
0,551.961,0,0,,05/16/25
0,550.697,0,0,,05/15/25
0,557.556,0,0,,05/14/25
0,558.918,0,0,,05/13/25
0,551.813,0,0,,05/12/25
0,548.658,0,0,,05/09/25
0,544.506,0,0,,05/08/25
0,528.147,0,0,,05/07/25
0,537.436,0,0,,05/06/25
0,528.891,0,0,,05/05/25
0,536.31,0,0,,05/02/25
0,540.577,0,0,,05/01/25
0,546.788,0,0,,04/30/25
0,546.657,0,0,,04/29/25
0,547.055,0,0,,04/28/25
0,548.395,0,0,,04/25/25
0,548.721,0,0,,04/24/25
0,547.063,0,0,,04/23/25
0,549.352,0,0,,04/22/25
0,545.499,0,0,,04/21/25
0,550.391,0,0,,04/17/25
0,542.779,0,0,,04/16/25
0,538.99,0,0,,04/15/25
0,540.997,0,0,,04/14/25
0,537.923,0,0,,04/11/25
0,528.357,0,0,,04/10/25
0,541.792,0,0,,04/09/25
0,526.694,0,0,,04/08/25
0,534.424,0,0,,04/07/25
0,548.986,0,0,,04/04/25
0,581.547,0,0,,04/03/25
0,618.594,0,0,,04/02/25
0,620.521,0,0,,04/01/25
0,609.857,0,0,,03/31/25
0,609.28,0,0,,03/28/25
0,609.961,0,0,,03/27/25
0,609.74,0,0,,03/26/25
0,609.183,0,0,,03/25/25
0,609.638,0,0,,03/24/25
0,609.785,0,0,,03/21/25
0,610.381,0,0,,03/20/25
0,607.703,0,0,,03/19/25
0,607.348,0,0,,03/18/25
0,608.304,0,0,,03/17/25
0,605.79,0,0,,03/14/25
0,600.686,0,0,,03/13/25
0,607.784,0,0,,03/12/25
0,601.004,0,0,,03/11/25
0,600.526,0,0,,03/10/25
0,603.188,0,0,,03/07/25
0,597.44,0,0,,03/06/25
0,599.859,0,0,,03/05/25
0,609.052,0,0,,03/04/25
0,616.457,0,0,,03/03/25
0,654.313,0,0,,02/28/25
0,655.092,0,0,,02/27/25
0,653.954,0,0,,02/26/25
0,653.555,0,0,,02/25/25
0,655.662,0,0,,02/24/25
0,654.562,0,0,,02/21/25
0,658.429,0,0,,02/20/25
0,658.572,0,0,,02/19/25
0,657.422,0,0,,02/18/25
0,655.293,0,0,,02/14/25
0,653.829,0,0,,02/13/25
0,654.837,0,0,,02/12/25
0,662.307,0,0,,02/11/25
0,656.156,0,0,,02/10/25
0,650.738,0,0,,02/07/25
0,644.397,0,0,,02/06/25
0,641.111,0,0,,02/05/25
0,648.69,0,0,,02/04/25
0,641.459,0,0,,02/03/25
0,649.625,0,0,,01/31/25
0,649.389,0,0,,01/30/25
0,648.699,0,0,,01/29/25
0,649.793,0,0,,01/28/25
0,650.502,0,0,,01/27/25
0,652.361,0,0,,01/24/25
0,650.165,0,0,,01/23/25
0,650.302,0,0,,01/22/25
0,650.265,0,0,,01/21/25
0,652.197,0,0,,01/17/25
0,653.834,0,0,,01/16/25
0,659.01,0,0,,01/15/25
0,647.939,0,0,,01/14/25
0,649.714,0,0,,01/13/25
0,647.479,0,0,,01/10/25
0,635.69,0,0,,01/09/25
0,639.334,0,0,,01/08/25
0,642.516,0,0,,01/07/25
0,646.278,0,0,,01/06/25
0,652.899,0,0,,01/03/25
0,654.417,0,0,,01/02/25
0,611.5,0,0,,12/31/24
0,611.252,0,0,,12/30/24
0,610.368,0,0,,12/27/24
0,609.546,0,0,,12/26/24
0,610.065,0,0,,12/24/24
0,608.773,0,0,,12/23/24
0,608.691,0,0,,12/20/24
0,607.965,0,0,,12/19/24
0,608.687,0,0,,12/18/24
0,605.064,0,0,,12/17/24
0,607.049,0,0,,12/16/24
0,610.351,0,0,,12/13/24
0,605.583,0,0,,12/12/24
0,609.068,0,0,,12/11/24
0,602.296,0,0,,12/10/24
0,601.89,0,0,,12/09/24
0,595.334,0,0,,12/06/24
0,595.553,0,0,,12/05/24
0,595.102,0,0,,12/04/24
0,605.388,0,0,,12/03/24
0,597.245,0,0,,12/02/24
0,623.143,0,0,,11/29/24
0,622.995,0,0,,11/27/24
0,623.353,0,0,,11/26/24
0,624.764,0,0,,11/25/24
0,628.812,0,0,,11/22/24
0,628.281,0,0,,11/21/24
0,626.435,0,0,,11/20/24
0,626.038,0,0,,11/19/24
0,625.636,0,0,,11/18/24
0,618.183,0,0,,11/15/24
0,625.009,0,0,,11/14/24
0,626.067,0,0,,11/13/24
0,626.911,0,0,,11/12/24
0,627.723,0,0,,11/11/24
0,638.194,0,0,,11/08/24
0,650.183,0,0,,11/07/24
0,647.757,0,0,,11/06/24
0,652.901,0,0,,11/05/24
0,652.861,0,0,,11/04/24
0,642.162,0,0,,11/01/24
0,647.685,0,0,,10/31/24
0,647.227,0,0,,10/30/24
0,646.283,0,0,,10/29/24
0,646.484,0,0,,10/28/24
0,651.325,0,0,,10/25/24
0,648.277,0,0,,10/24/24
0,648.395,0,0,,10/23/24
0,650.277,0,0,,10/22/24
0,646.158,0,0,,10/21/24
0,640.886,0,0,,10/18/24
0,646.202,0,0,,10/17/24
0,649.005,0,0,,10/16/24
0,650.365,0,0,,10/15/24
0,664.331,0,0,,10/14/24
0,669.458,0,0,,10/11/24
0,669.814,0,0,,10/10/24
0,658.826,0,0,,10/09/24
0,659.885,0,0,,10/08/24
0,684.613,0,0,,10/07/24
0,669.098,0,0,,10/04/24
0,670.808,0,0,,10/03/24
0,642.742,0,0,,10/02/24
0,632.517,0,0,,10/01/24
0,625.048,0,0,,09/30/24
0,624.649,0,0,,09/27/24
0,624.545,0,0,,09/26/24
0,625.287,0,0,,09/25/24
0,627.132,0,0,,09/24/24
0,626.256,0,0,,09/23/24
0,626.905,0,0,,09/20/24
0,629.237,0,0,,09/19/24
0,627.38,0,0,,09/18/24
0,626.047,0,0,,09/17/24
0,624.814,0,0,,09/16/24
0,618.164,0,0,,09/13/24
0,617.39,0,0,,09/12/24
0,604.947,0,0,,09/11/24
0,595.771,0,0,,09/10/24
0,612.464,0,0,,09/09/24
0,607.221,0,0,,09/06/24
0,620.653,0,0,,09/05/24
0,618.886,0,0,,09/04/24
0,624.511,0,0,,09/03/24
0,657.75,0,0,,08/30/24
0,658.369,0,0,,08/29/24
0,657.46,0,0,,08/28/24
0,659.546,0,0,,08/27/24
0,662.898,0,0,,08/26/24
0,658.971,0,0,,08/23/24
0,655.989,0,0,,08/22/24
0,654.486,0,0,,08/21/24
0,653.912,0,0,,08/20/24
0,653.327,0,0,,08/19/24
0,657.988,0,0,,08/16/24
0,664.417,0,0,,08/15/24
0,661.74,0,0,,08/14/24
0,665.455,0,0,,08/13/24
0,672.685,0,0,,08/12/24
0,657.949,0,0,,08/09/24
0,656.462,0,0,,08/08/24
0,656.121,0,0,,08/07/24
0,647.4,0,0,,08/06/24
0,646.574,0,0,,08/05/24
0,644.688,0,0,,08/02/24
0,656.32,0,0,,08/01/24
0,686.739,0,0,,07/31/24
0,685.93,0,0,,07/30/24
0,686.706,0,0,,07/29/24
0,688.788,0,0,,07/26/24
0,690.815,0,0,,07/25/24
0,689.614,0,0,,07/24/24
0,688.289,0,0,,07/23/24
0,691.241,0,0,,07/22/24
0,689.886,0,0,,07/19/24
0,696.978,0,0,,07/18/24
0,698.411,0,0,,07/17/24
0,692.451,0,0,,07/16/24
0,696.095,0,0,,07/15/24
0,696.343,0,0,,07/12/24
0,694.829,0,0,,07/11/24
0,690.021,0,0,,07/10/24
0,689.964,0,0,,07/09/24
0,700.415,0,0,,07/08/24
0,705.786,0,0,,07/05/24
0,705.603,0,0,,07/03/24
0,699.806,0,0,,07/02/24
0,707.506,0,0,,07/01/24
0,662.925,0,0,,06/28/24
0,662.726,0,0,,06/27/24
0,661.987,0,0,,06/26/24
0,661.255,0,0,,06/25/24
0,661.975,0,0,,06/24/24
0,660.571,0,0,,06/21/24
0,661.196,0,0,,06/20/24
0,657.149,0,0,,06/18/24
0,653.91,0,0,,06/17/24
0,648.533,0,0,,06/14/24
0,650.251,0,0,,06/13/24
0,649.677,0,0,,06/12/24
0,644.392,0,0,,06/11/24
0,642.469,0,0,,06/10/24
0,629.635,0,0,,06/07/24
0,629.392,0,0,,06/06/24
0,622.177,0,0,,06/05/24
0,621.74,0,0,,06/04/24
0,628.653,0,0,,06/03/24
0,662.095,0,0,,05/31/24
0,662.17,0,0,,05/30/24
0,662.93,0,0,,05/29/24
0,664.081,0,0,,05/28/24
0,661.769,0,0,,05/24/24
0,660.439,0,0,,05/23/24
0,662.255,0,0,,05/22/24
0,664.913,0,0,,05/21/24
0,665.977,0,0,,05/20/24
0,667.362,0,0,,05/17/24
0,660.414,0,0,,05/16/24
0,654.607,0,0,,05/15/24
0,650.65,0,0,,05/14/24
0,658.212,0,0,,05/13/24
0,655.257,0,0,,05/10/24
0,666.344,0,0,,05/09/24
0,661.162,0,0,,05/08/24
0,661.525,0,0,,05/07/24
0,664.86,0,0,,05/06/24
0,662.039,0,0,,05/03/24
0,669.139,0,0,,05/02/24
0,664.752,0,0,,05/01/24
0,688.917,0,0,,04/30/24
0,689.036,0,0,,04/29/24
0,689.264,0,0,,04/26/24
0,688.952,0,0,,04/25/24
0,687.345,0,0,,04/24/24
0,688.197,0,0,,04/23/24
0,684.761,0,0,,04/22/24
0,684.85,0,0,,04/19/24
0,683.969,0,0,,04/18/24
0,685.368,0,0,,04/17/24
0,693.391,0,0,,04/16/24
0,691.605,0,0,,04/15/24
0,688.366,0,0,,04/12/24
0,683.34,0,0,,04/11/24
0,690.912,0,0,,04/10/24
0,684.69,0,0,,04/09/24
0,694.691,0,0,,04/08/24
0,697.878,0,0,,04/05/24
0,698.702,0,0,,04/04/24
0,688.722,0,0,,04/03/24
0,691.352,0,0,,04/02/24
0,699.063,0,0,,04/01/24
0,709.013,0,0,,03/28/24
0,709.001,0,0,,03/27/24
0,709.642,0,0,,03/26/24
0,711.047,0,0,,03/25/24
0,709.257,0,0,,03/22/24
0,709.356,0,0,,03/21/24
0,709.021,0,0,,03/20/24
0,712.454,0,0,,03/19/24
0,712.772,0,0,,03/18/24
0,707.471,0,0,,03/15/24
0,705.225,0,0,,03/14/24
0,704.535,0,0,,03/13/24
0,693.446,0,0,,03/12/24
0,695.646,0,0,,03/11/24
0,687.699,0,0,,03/08/24
0,687.472,0,0,,03/07/24
0,684.363,0,0,,03/06/24
0,675.095,0,0,,03/05/24
0,689.242,0,0,,03/04/24
0,687.861,0,0,,03/01/24
0,663.155,0,0,,02/29/24
0,662.358,0,0,,02/28/24
0,662.148,0,0,,02/27/24
0,660.704,0,0,,02/26/24
0,660.094,0,0,,02/23/24
0,661.816,0,0,,02/22/24
0,660.116,0,0,,02/21/24
0,657.685,0,0,,02/20/24
0,663.294,0,0,,02/16/24
0,663.864,0,0,,02/15/24
0,659.994,0,0,,02/14/24
0,667.494,0,0,,02/13/24
0,664.257,0,0,,02/12/24
0,664.934,0,0,,02/09/24
0,640.684,0,0,,02/07/24
0,632.995,0,0,,02/06/24
0,628.553,0,0,,02/05/24
0,620.253,0,0,,02/02/24
0,622.475,0,0,,02/01/24
0,638.955,0,0,,01/31/24
0,639.381,0,0,,01/30/24
0,639.643,0,0,,01/29/24
0,640.838,0,0,,01/26/24
0,639.119,0,0,,01/25/24
0,633.385,0,0,,01/24/24
0,632.126,0,0,,01/23/24
0,633.309,0,0,,01/22/24
0,626.832,0,0,,01/19/24
0,629.824,0,0,,01/18/24
0,628.411,0,0,,01/17/24
0,631.981,0,0,,01/16/24
0,629.239,0,0,,01/12/24
0,626.125,0,0,,01/11/24
0,626.88,0,0,,01/10/24
0,629.166,0,0,,01/09/24
0,618.922,0,0,,01/08/24
0,629.228,0,0,,01/05/24
0,622.053,0,0,,01/04/24
0,634.053,0,0,,01/03/24
0,617.046,0,0,,01/02/24
0,634.645,0,0,,12/29/23
0,634.443,0,0,,12/28/23
0,635.199,0,0,,12/27/23
0,636.386,0,0,,12/26/23
0,633.591,0,0,,12/22/23
0,634.306,0,0,,12/21/23
0,636.043,0,0,,12/20/23
0,635.502,0,0,,12/19/23
0,632.408,0,0,,12/18/23
0,629.938,0,0,,12/15/23
0,627.783,0,0,,12/14/23
0,618.565,0,0,,12/13/23
0,612.596,0,0,,12/12/23
0,621.235,0,0,,12/11/23
0,622.212,0,0,,12/08/23
0,612.451,0,0,,12/07/23
0,613.247,0,0,,12/06/23
0,627.838,0,0,,12/05/23
0,635.094,0,0,,12/04/23
0,631.822,0,0,,12/01/23
0,627.636,0,0,,11/30/23
0,628.394,0,0,,11/29/23
0,627.705,0,0,,11/28/23
0,625.928,0,0,,11/27/23
0,625.707,0,0,,11/24/23
0,628.554,0,0,,11/22/23
0,629.06,0,0,,11/21/23
0,628.712,0,0,,11/20/23
0,626.76,0,0,,11/17/23
0,615.49,0,0,,11/16/23
0,626.351,0,0,,11/15/23
0,629.14,0,0,,11/14/23
0,628.342,0,0,,11/13/23
0,622.606,0,0,,11/10/23
0,611.803,0,0,,11/09/23
0,611.359,0,0,,11/08/23
0,617.265,0,0,,11/07/23
0,629.786,0,0,,11/06/23
0,625.04,0,0,,11/03/23
0,639.237,0,0,,11/02/23
0,624.364,0,0,,11/01/23
0,644.67,0,0,,10/31/23
0,644.134,0,0,,10/30/23
0,646.707,0,0,,10/27/23
0,645.164,0,0,,10/26/23
0,648.82,0,0,,10/25/23
0,645.561,0,0,,10/24/23
0,648.515,0,0,,10/23/23
0,653.374,0,0,,10/20/23
0,657.095,0,0,,10/19/23
0,651.845,0,0,,10/18/23
0,646.128,0,0,,10/17/23
0,642.435,0,0,,10/16/23
0,652.404,0,0,,10/13/23
0,639.656,0,0,,10/12/23
0,641.915,0,0,,10/11/23
0,651.016,0,0,,10/10/23
0,655.419,0,0,,10/09/23
0,640.453,0,0,,10/06/23
0,636.088,0,0,,10/05/23
0,640.265,0,0,,10/04/23
0,673.722,0,0,,10/03/23
0,679.682,0,0,,10/02/23
0,700.238,0,0,,09/29/23
0,700.096,0,0,,09/28/23
0,701.113,0,0,,09/27/23
0,700.253,0,0,,09/26/23
0,699.884,0,0,,09/25/23
0,701.935,0,0,,09/22/23
0,702.432,0,0,,09/21/23
0,700.526,0,0,,09/20/23
0,700.511,0,0,,09/19/23
0,702.668,0,0,,09/18/23
0,700.846,0,0,,09/15/23
0,704.128,0,0,,09/14/23
0,699.797,0,0,,09/13/23
0,702.426,0,0,,09/12/23
0,692.479,0,0,,09/11/23
0,686.203,0,0,,09/08/23
0,677.632,0,0,,09/07/23
0,682.448,0,0,,09/06/23
0,676.523,0,0,,09/05/23
0,675.288,0,0,,09/01/23
0,642.034,0,0,,08/31/23
0,642.027,0,0,,08/30/23
0,642.62,0,0,,08/29/23
0,642.153,0,0,,08/28/23
0,642.287,0,0,,08/25/23
0,642.48,0,0,,08/24/23
0,641.439,0,0,,08/23/23
0,640.428,0,0,,08/22/23
0,638.879,0,0,,08/21/23
0,638.374,0,0,,08/18/23
0,637.136,0,0,,08/17/23
0,633.356,0,0,,08/16/23
0,636.537,0,0,,08/15/23
0,642.244,0,0,,08/14/23
0,648.912,0,0,,08/11/23
0,644.148,0,0,,08/10/23
0,659.284,0,0,,08/09/23
0,649.963,0,0,,08/08/23
0,639.492,0,0,,08/07/23
0,639.133,0,0,,08/04/23
0,635.267,0,0,,08/03/23
0,624.224,0,0,,08/02/23
0,632.847,0,0,,08/01/23
0,575.321,0,0,,07/31/23
0,574.976,0,0,,07/28/23
0,575.01,0,0,,07/27/23
0,572.527,0,0,,07/26/23
0,572.597,0,0,,07/25/23
0,570.786,0,0,,07/24/23
0,569.356,0,0,,07/21/23
0,566.205,0,0,,07/20/23
0,563.569,0,0,,07/19/23
0,557.746,0,0,,07/18/23
0,554.893,0,0,,07/17/23
0,563.004,0,0,,07/14/23
0,574.538,0,0,,07/13/23
0,566.568,0,0,,07/12/23
0,564.009,0,0,,07/11/23
0,549.192,0,0,,07/10/23
0,547.721,0,0,,07/07/23
0,527.694,0,0,,07/06/23
0,527.663,0,0,,07/05/23
0,519.943,0,0,,07/03/23
0,551.545,0,0,,06/30/23
0,551.083,0,0,,06/29/23
0,551.551,0,0,,06/28/23
0,548.587,0,0,,06/27/23
0,550.326,0,0,,06/26/23
0,552.553,0,0,,06/23/23
0,554.399,0,0,,06/22/23
0,562.973,0,0,,06/21/23
0,562.222,0,0,,06/20/23
0,564.092,0,0,,06/16/23
0,562.726,0,0,,06/15/23
0,553.306,0,0,,06/14/23
0,563.777,0,0,,06/13/23
0,555.347,0,0,,06/12/23
0,571.232,0,0,,06/09/23
0,576.598,0,0,,06/08/23
0,586.601,0,0,,06/07/23
0,588.453,0,0,,06/06/23
0,594.676,0,0,,06/05/23
0,596.335,0,0,,06/02/23
0,580.573,0,0,,06/01/23
0,586.825,0,0,,05/31/23
0,587.2,0,0,,05/30/23
0,589.513,0,0,,05/26/23
0,588.367,0,0,,05/25/23
0,592.044,0,0,,05/24/23
0,587.193,0,0,,05/23/23
0,583.708,0,0,,05/22/23
0,584.305,0,0,,05/19/23
0,582.484,0,0,,05/18/23
0,586.26,0,0,,05/17/23
0,575.39,0,0,,05/16/23
0,572.549,0,0,,05/15/23
0,574.351,0,0,,05/12/23
0,581.889,0,0,,05/11/23
0,589.243,0,0,,05/10/23
0,601.138,0,0,,05/09/23
0,599.586,0,0,,05/08/23
0,587.411,0,0,,05/05/23
0,573.839,0,0,,05/04/23
0,568.082,0,0,,05/03/23
0,594.049,0,0,,05/02/23
0,628.291,0,0,,05/01/23
0,637.36,0,0,,04/28/23
0,676.267,0,0,,04/27/23
0,676.056,0,0,,04/26/23
0,679.307,0,0,,04/25/23
0,682.43,0,0,,04/24/23
0,680.111,0,0,,04/21/23
0,678.034,0,0,,04/20/23
0,682.401,0,0,,04/19/23
0,686.883,0,0,,04/18/23
0,692.641,0,0,,04/17/23
0,704.768,0,0,,04/14/23
0,699.86,0,0,,04/13/23
0,705.155,0,0,,04/12/23
0,702.472,0,0,,04/11/23
0,694.036,0,0,,04/10/23
0,700.528,0,0,,04/07/23
0,700.528,0,0,,04/06/23
0,698.738,0,0,,04/05/23
0,699.844,0,0,,04/04/23
0,706.456,0,0,,04/03/23
0,672.231,0,0,,03/31/23
0,674.677,0,0,,03/30/23
0,674.495,0,0,,03/29/23
0,675.278,0,0,,03/28/23
0,674.918,0,0,,03/27/23
0,670.134,0,0,,03/24/23
0,670.076,0,0,,03/23/23
0,668.984,0,0,,03/22/23
0,665.556,0,0,,03/21/23
0,661.712,0,0,,03/20/23
0,656.248,0,0,,03/17/23
0,654.892,0,0,,03/16/23
0,653.27,0,0,,03/15/23
0,669.828,0,0,,03/14/23
0,699.544,0,0,,03/10/23
0,696.976,0,0,,03/09/23
0,707.815,0,0,,03/08/23
0,714.705,0,0,,03/07/23
0,736.459,0,0,,03/06/23
0,735.23,0,0,,03/03/23
0,728.984,0,0,,03/02/23
0,727.13,0,0,,03/01/23
0,717,0,0,,02/28/23
0,716.707,0,0,,02/27/23
0,717.057,0,0,,02/24/23
0,715.97,0,0,,02/23/23
0,714.825,0,0,,02/22/23
0,721.19,0,0,,02/21/23
0,717.085,0,0,,02/17/23
0,719.753,0,0,,02/16/23
0,720.876,0,0,,02/15/23
0,717.402,0,0,,02/14/23
0,719.302,0,0,,02/13/23
0,720.953,0,0,,02/10/23
0,709.542,0,0,,02/09/23
0,701.176,0,0,,02/08/23
0,701.127,0,0,,02/07/23
0,686.616,0,0,,02/06/23
0,689.124,0,0,,02/03/23
0,705.44,0,0,,02/02/23
0,702.929,0,0,,02/01/23
0,692.167,0,0,,01/31/23
0,691.555,0,0,,01/30/23
0,692.507,0,0,,01/27/23
0,693.095,0,0,,01/26/23
0,692.55,0,0,,01/25/23
0,694.3,0,0,,01/24/23
0,695.766,0,0,,01/23/23
0,695.474,0,0,,01/20/23
0,688.331,0,0,,01/19/23
0,678.393,0,0,,01/18/23
0,680.879,0,0,,01/17/23
0,682.656,0,0,,01/13/23
0,675.219,0,0,,01/12/23
0,667.618,0,0,,01/11/23
0,645.292,0,0,,01/10/23
0,631.278,0,0,,01/09/23
0,610.828,0,0,,01/06/23
0,610.887,0,0,,01/05/23
0,607.175,0,0,,01/04/23
0,630.884,0,0,,01/03/23
0,648.388,0,0,,12/30/22
0,591.493,0,0,,12/29/22
0,590.57,0,0,,12/28/22
0,591.73,0,0,,12/27/22
0,591.258,0,0,,12/23/22
0,588.326,0,0,,12/22/22
0,590.439,0,0,,12/21/22
0,585.95,0,0,,12/20/22
0,583.51,0,0,,12/19/22
0,584.485,0,0,,12/16/22
0,593.04,0,0,,12/15/22
0,596.075,0,0,,12/14/22
0,597.139,0,0,,12/13/22
0,592.65,0,0,,12/12/22
0,584.056,0,0,,12/09/22
0,583.393,0,0,,12/08/22
0,584.585,0,0,,12/07/22
0,594.94,0,0,,12/06/22
0,604.775,0,0,,12/05/22
0,632.277,0,0,,12/02/22
0,644.359,0,0,,12/01/22
0,667.693,0,0,,11/30/22
0,667.37,0,0,,11/29/22
0,667.627,0,0,,11/28/22
0,668.796,0,0,,11/25/22
0,671.411,0,0,,11/23/22
0,675.392,0,0,,11/22/22
0,677.441,0,0,,11/21/22
0,676.444,0,0,,11/18/22
0,678.954,0,0,,11/17/22
0,686.003,0,0,,11/16/22
0,685.979,0,0,,11/15/22
0,681.408,0,0,,11/14/22
0,688.211,0,0,,11/11/22
0,675.976,0,0,,11/10/22
0,667.565,0,0,,11/09/22
0,672.918,0,0,,11/08/22
0,682.026,0,0,,11/07/22
0,692.619,0,0,,11/04/22
0,671.027,0,0,,11/03/22
0,682.334,0,0,,11/02/22
0,671.52,0,0,,11/01/22
0,669.69,0,0,,10/31/22
0,669.422,0,0,,10/28/22
0,670.595,0,0,,10/27/22
0,670.914,0,0,,10/26/22
0,668.725,0,0,,10/25/22
0,666.719,0,0,,10/24/22
0,667.086,0,0,,10/21/22
0,664.926,0,0,,10/20/22
0,668.518,0,0,,10/19/22
0,663.756,0,0,,10/18/22
0,664.82,0,0,,10/17/22
0,660.717,0,0,,10/14/22
0,673.317,0,0,,10/13/22
0,663.791,0,0,,10/12/22
0,665.693,0,0,,10/11/22
0,677.121,0,0,,10/10/22
0,691.17,0,0,,10/07/22
0,681.856,0,0,,10/06/22
0,684.978,0,0,,10/05/22
0,675.05,0,0,,10/04/22
0,654.664,0,0,,10/03/22
0,620.667,0,0,,09/30/22
0,625.645,0,0,,09/29/22
0,626.128,0,0,,09/28/22
0,623.286,0,0,,09/27/22
0,619.682,0,0,,09/26/22
0,624.753,0,0,,09/23/22
0,630.834,0,0,,09/22/22
0,627.431,0,0,,09/21/22
0,627.928,0,0,,09/20/22
0,630.777,0,0,,09/19/22
0,628.37,0,0,,09/16/22
0,629.499,0,0,,09/15/22
0,640.472,0,0,,09/14/22
0,633.315,0,0,,09/13/22
0,631.385,0,0,,09/12/22
0,632.679,0,0,,09/09/22
0,617.473,0,0,,09/08/22
0,606.223,0,0,,09/07/22
0,637.642,0,0,,09/06/22
0,632.555,0,0,,09/02/22
0,630.114,0,0,,09/01/22
0,654.549,0,0,,08/30/22
0,660.206,0,0,,08/29/22
0,657.229,0,0,,08/26/22
0,656.799,0,0,,08/25/22
0,662.22,0,0,,08/24/22
0,664.113,0,0,,08/23/22
0,663.55,0,0,,08/22/22
0,664.773,0,0,,08/19/22
0,666.815,0,0,,08/18/22
0,656.582,0,0,,08/17/22
0,644.955,0,0,,08/16/22
0,659.002,0,0,,08/15/22
0,668.249,0,0,,08/12/22
0,681.789,0,0,,08/11/22
0,684.688,0,0,,08/10/22
0,675.227,0,0,,08/09/22
0,682.744,0,0,,08/08/22
0,677.54,0,0,,08/05/22
0,681.574,0,0,,08/04/22
0,698.363,0,0,,08/03/22
0,721.016,0,0,,08/02/22
0,706.465,0,0,,08/01/22
0,737.009,0,0,,07/29/22
0,764.894,0,0,,07/28/22
0,766.348,0,0,,07/27/22
0,764.883,0,0,,07/26/22
0,768.832,0,0,,07/25/22
0,765.612,0,0,,07/22/22
0,764.289,0,0,,07/21/22
0,769.733,0,0,,07/20/22
0,774.859,0,0,,07/19/22
0,774.818,0,0,,07/18/22
0,771.876,0,0,,07/15/22
0,766.691,0,0,,07/14/22
0,770.993,0,0,,07/13/22
0,766.168,0,0,,07/12/22
0,798.445,0,0,,07/11/22
0,806.115,0,0,,07/08/22
0,795.134,0,0,,07/07/22
0,787.482,0,0,,07/06/22
0,777.025,0,0,,07/05/22
0,811.819,0,0,,07/01/22
0,802.925,0,0,,06/30/22
0,801.174,0,0,,06/29/22
0,802.773,0,0,,06/28/22
0,802.069,0,0,,06/27/22
0,802.892,0,0,,06/24/22
0,801.044,0,0,,06/23/22
0,797.514,0,0,,06/22/22
0,799.902,0,0,,06/21/22
0,797.531,0,0,,06/17/22
0,811.437,0,0,,06/16/22
0,788.387,0,0,,06/15/22
0,793.759,0,0,,06/14/22
0,827.389,0,0,,06/13/22
0,824.726,0,0,,06/10/22
0,823.617,0,0,,06/09/22
0,856.963,0,0,,06/08/22
0,855.753,0,0,,06/07/22
0,860.721,0,0,,06/06/22
0,865.253,0,0,,06/03/22
0,847.519,0,0,,06/02/22
0,836.35,0,0,,06/01/22
0,888.393,0,0,,05/31/22
0,888.794,0,0,,05/27/22
0,889.137,0,0,,05/26/22
0,885.339,0,0,,05/25/22
0,884.499,0,0,,05/24/22
0,894.172,0,0,,05/23/22
0,898.473,0,0,,05/20/22
0,901.842,0,0,,05/19/22
0,890.395,0,0,,05/18/22
0,902.296,0,0,,05/17/22
0,923.627,0,0,,05/16/22
0,918.44,0,0,,05/13/22
0,904.651,0,0,,05/12/22
0,911.193,0,0,,05/11/22
0,874.753,0,0,,05/10/22
0,886.669,0,0,,05/09/22
0,912.574,0,0,,05/06/22
0,896.769,0,0,,05/05/22
0,905.248,0,0,,05/04/22
0,880.371,0,0,,05/03/22
0,903.914,0,0,,05/02/22
0,899.996,0,0,,04/29/22
0,904.611,0,0,,04/28/22
0,902.988,0,0,,04/27/22
0,901.999,0,0,,04/26/22
0,897.961,0,0,,04/25/22
0,909.378,0,0,,04/22/22
0,917.453,0,0,,04/21/22
0,913.486,0,0,,04/20/22
0,913.357,0,0,,04/19/22
0,945.205,0,0,,04/18/22
0,939.242,0,0,,04/14/22
0,927.996,0,0,,04/13/22
0,912.248,0,0,,04/12/22
0,889.131,0,0,,04/11/22
0,910.544,0,0,,04/08/22
0,884.919,0,0,,04/07/22
0,875.514,0,0,,04/06/22
0,912.595,0,0,,04/05/22
0,931.289,0,0,,04/04/22
0,908.489,0,0,,04/01/22
0,996.033,0,0,,03/31/22
0,997.286,0,0,,03/30/22
0,995.49,0,0,,03/29/22
0,997.537,0,0,,03/28/22
0,1008.513,0,0,,03/25/22
0,992.114,0,0,,03/24/22
0,1001.527,0,0,,03/23/22
0,998.183,0,0,,03/22/22
0,1000.423,0,0,,03/21/22
0,980.876,0,0,,03/18/22
0,979.19,0,0,,03/17/22
0,952.606,0,0,,03/16/22
0,959.02,0,0,,03/15/22
0,1001.104,0,0,,03/14/22
0,1039.41,0,0,,03/11/22
0,1012.201,0,0,,03/10/22
0,1010.676,0,0,,03/09/22
0,1121.722,0,0,,03/08/22
0,1102.854,0,0,,03/07/22
0,1078.395,0,0,,03/04/22
0,1011.034,0,0,,03/03/22
0,1040.608,0,0,,03/02/22
0,970.458,0,0,,03/01/22
0,861.525,0,0,,02/28/22
0,859.448,0,0,,02/24/22
0,857.291,0,0,,02/23/22
0,857.765,0,0,,02/22/22
0,850.798,0,0,,02/18/22
0,846.476,0,0,,02/17/22
0,854.562,0,0,,02/16/22
0,849.289,0,0,,02/15/22
0,866.295,0,0,,02/14/22
0,857.301,0,0,,02/11/22
0,840.927,0,0,,02/10/22
0,835.414,0,0,,02/09/22
0,826.482,0,0,,02/08/22
0,839.185,0,0,,02/07/22
0,839.293,0,0,,02/04/22
0,826.742,0,0,,02/03/22
0,817.187,0,0,,02/02/22
0,804.403,0,0,,02/01/22
0,775.063,0,0,,01/31/22
0,774.58,0,0,,01/28/22
0,773.744,0,0,,01/27/22
0,773.912,0,0,,01/26/22
0,770.957,0,0,,01/25/22
0,765.66,0,0,,01/24/22
0,770.89,0,0,,01/21/22
0,771.781,0,0,,01/20/22
0,770.717,0,0,,01/19/22
0,765.383,0,0,,01/18/22
0,763.454,0,0,,01/14/22
0,756.236,0,0,,01/13/22
0,754.259,0,0,,01/12/22
0,748.577,0,0,,01/11/22
0,730.904,0,0,,01/10/22
0,736.302,0,0,,01/07/22
0,735.046,0,0,,01/06/22
0,726.804,0,0,,01/05/22
0,729.619,0,0,,01/04/22
0,728.327,0,0,,01/03/22
0,717.647,0,0,,12/31/21
0,698.833,0,0,,12/30/21
0,698.676,0,0,,12/29/21
0,698.733,0,0,,12/28/21
0,698.288,0,0,,12/27/21
0,696.381,0,0,,12/23/21
0,693.261,0,0,,12/22/21
0,689.493,0,0,,12/21/21
0,681.956,0,0,,12/20/21
0,688.279,0,0,,12/17/21
0,692.494,0,0,,12/16/21
0,686.851,0,0,,12/15/21
0,686.682,0,0,,12/14/21
0,687.99,0,0,,12/13/21
0,690.796,0,0,,12/10/21
0,686.21,0,0,,12/09/21
0,692.864,0,0,,12/08/21
0,687.752,0,0,,12/07/21
0,665.248,0,0,,12/06/21
0,638.845,0,0,,12/03/21
0,640.756,0,0,,12/02/21
0,635.696,0,0,,12/01/21
0,733.068,0,0,,11/30/21
0,734.026,0,0,,11/29/21
0,731.713,0,0,,11/26/21
0,742.148,0,0,,11/24/21
0,741.933,0,0,,11/23/21
0,737.754,0,0,,11/22/21
0,734.51,0,0,,11/19/21
0,743.197,0,0,,11/18/21
0,742.628,0,0,,11/17/21
0,751.111,0,0,,11/16/21
0,752.987,0,0,,11/15/21
0,753.549,0,0,,11/12/21
0,756.767,0,0,,11/11/21
0,754.001,0,0,,11/10/21
0,768.86,0,0,,11/09/21
0,758.749,0,0,,11/08/21
0,752.849,0,0,,11/05/21
0,739.751,0,0,,11/04/21
0,750.39,0,0,,11/03/21
0,773.051,0,0,,11/02/21
0,773.826,0,0,,11/01/21
0,759.227,0,0,,10/29/21
0,762.993,0,0,,10/28/21
0,763.494,0,0,,10/27/21
0,766.169,0,0,,10/26/21
0,766.502,0,0,,10/25/21
0,764.703,0,0,,10/22/21
0,762.54,0,0,,10/21/21
0,765.217,0,0,,10/20/21
0,762.952,0,0,,10/19/21
0,761.145,0,0,,10/18/21
0,762.942,0,0,,10/15/21
0,756.258,0,0,,10/14/21
0,751.486,0,0,,10/13/21
0,751.074,0,0,,10/12/21
0,751.539,0,0,,10/11/21
0,743.686,0,0,,10/08/21
0,738.636,0,0,,10/07/21
0,728.97,0,0,,10/06/21
0,739.096,0,0,,10/05/21
0,727.536,0,0,,10/04/21
0,714.452,0,0,,10/01/21
0,678.807,0,0,,09/30/21
0,678.448,0,0,,09/29/21
0,678.104,0,0,,09/28/21
0,678.819,0,0,,09/27/21
0,677.276,0,0,,09/24/21
0,675.733,0,0,,09/23/21
0,674.328,0,0,,09/22/21
0,671.999,0,0,,09/21/21
0,670.952,0,0,,09/20/21
0,676.072,0,0,,09/17/21
0,676.947,0,0,,09/16/21
0,675.525,0,0,,09/15/21
0,664.751,0,0,,09/14/21
0,664.014,0,0,,09/13/21
0,661.062,0,0,,09/10/21
0,650.074,0,0,,09/09/21
0,655.03,0,0,,09/08/21
0,650.136,0,0,,09/07/21
0,654.903,0,0,,09/03/21
0,653.323,0,0,,09/02/21
0,640.872,0,0,,09/01/21
0,646.869,0,0,,08/31/21
0,646.954,0,0,,08/30/21
0,646.941,0,0,,08/27/21
0,645.89,0,0,,08/26/21
0,647.608,0,0,,08/25/21
0,645.591,0,0,,08/24/21
0,642.122,0,0,,08/23/21
0,632.429,0,0,,08/20/21
0,635,0,0,,08/19/21
0,641.026,0,0,,08/18/21
0,645.069,0,0,,08/17/21
0,647.516,0,0,,08/16/21
0,653.239,0,0,,08/13/21
0,658.876,0,0,,08/12/21
0,664.415,0,0,,08/11/21
0,658.019,0,0,,08/10/21
0,649.298,0,0,,08/09/21
0,656.95,0,0,,08/06/21
0,658.218,0,0,,08/05/21
0,649.694,0,0,,08/04/21
0,663.487,0,0,,08/03/21
0,662.782,0,0,,08/02/21
0,681.898,0,0,,07/30/21
0,673.275,0,0,,07/29/21
0,672.489,0,0,,07/28/21
0,672.279,0,0,,07/27/21
0,672.605,0,0,,07/26/21
0,671.923,0,0,,07/22/21
0,665.45,0,0,,07/21/21
0,656.069,0,0,,07/20/21
0,654.746,0,0,,07/19/21
0,674.199,0,0,,07/16/21
0,670.181,0,0,,07/15/21
0,674.915,0,0,,07/14/21
0,683.511,0,0,,07/13/21
0,677.411,0,0,,07/12/21
0,677.997,0,0,,07/09/21
0,664.905,0,0,,07/08/21
0,656.871,0,0,,07/07/21
0,667.051,0,0,,07/06/21
0,677.035,0,0,,07/02/21
0,666.596,0,0,,07/01/21
0,633.614,0,0,,06/30/21
0,633.459,0,0,,06/29/21
0,632.971,0,0,,06/28/21
0,634.497,0,0,,06/25/21
0,633.738,0,0,,06/24/21
0,632.06,0,0,,06/23/21
0,628.772,0,0,,06/22/21
0,628.362,0,0,,06/21/21
0,624.89,0,0,,06/18/21
0,622.735,0,0,,06/17/21
0,625.178,0,0,,06/16/21
0,622.957,0,0,,06/15/21
0,619.191,0,0,,06/14/21
0,619.454,0,0,,06/11/21
0,619.484,0,0,,06/10/21
0,619.07,0,0,,06/09/21
0,620.304,0,0,,06/08/21
0,618.676,0,0,,06/07/21
0,620.626,0,0,,06/04/21
0,614.224,0,0,,06/03/21
0,615.085,0,0,,06/02/21
0,606.528,0,0,,06/01/21
0,591.963,0,0,,05/28/21
0,592.695,0,0,,05/27/21
0,592.101,0,0,,05/26/21
0,591.505,0,0,,05/25/21
0,591.297,0,0,,05/24/21
0,586.207,0,0,,05/21/21
0,582.585,0,0,,05/20/21
0,585.955,0,0,,05/19/21
0,593.716,0,0,,05/18/21
0,592.904,0,0,,05/17/21
0,590.22,0,0,,05/14/21
0,583.862,0,0,,05/13/21
0,598.945,0,0,,05/12/21
0,594.594,0,0,,05/11/21
0,592.425,0,0,,05/10/21
0,591.357,0,0,,05/07/21
0,590.665,0,0,,05/06/21
0,601.246,0,0,,05/05/21
0,599.281,0,0,,05/04/21
0,581.642,0,0,,05/03/21
0,574.489,0,0,,04/30/21
0,558.483,0,0,,04/29/21
0,557.638,0,0,,04/28/21
0,556.015,0,0,,04/27/21
0,553.713,0,0,,04/26/21
0,554.008,0,0,,04/23/21
0,552.11,0,0,,04/22/21
0,551.088,0,0,,04/21/21
0,554.775,0,0,,04/20/21
0,558.472,0,0,,04/19/21
0,559.879,0,0,,04/16/21
0,558.333,0,0,,04/15/21
0,554.445,0,0,,04/14/21
0,540.379,0,0,,04/13/21
0,538.256,0,0,,04/12/21
0,540.247,0,0,,04/09/21
0,543.816,0,0,,04/08/21
0,548.286,0,0,,04/07/21
0,548.342,0,0,,04/06/21
0,541.436,0,0,,04/05/21
0,564.323,0,0,,04/02/21
0,564.323,0,0,,04/01/21
0,572.946,0,0,,03/31/21
0,572.805,0,0,,03/30/21
0,573.108,0,0,,03/29/21
0,573.164,0,0,,03/26/21
0,569.808,0,0,,03/25/21
0,574.353,0,0,,03/24/21
0,567.064,0,0,,03/23/21
0,575.173,0,0,,03/22/21
0,575.434,0,0,,03/19/21
0,570.355,0,0,,03/18/21
0,585.464,0,0,,03/17/21
0,590.842,0,0,,03/16/21
0,594.327,0,0,,03/15/21
0,597.151,0,0,,03/12/21
0,596.782,0,0,,03/11/21
0,589.307,0,0,,03/10/21
0,586.526,0,0,,03/09/21
0,592.019,0,0,,03/08/21
0,604.571,0,0,,03/05/21
0,588.159,0,0,,03/04/21
0,570.614,0,0,,03/03/21
0,560.963,0,0,,03/02/21
0,569.134,0,0,,03/01/21
0,575.074,0,0,,02/26/21
0,555.652,0,0,,02/25/21
0,556.089,0,0,,02/24/21
0,554.161,0,0,,02/23/21
0,554.434,0,0,,02/22/21
0,551.037,0,0,,02/19/21
0,550.494,0,0,,02/18/21
0,549.13,0,0,,02/17/21
0,546.19,0,0,,02/16/21
0,539.063,0,0,,02/12/21
0,533.477,0,0,,02/11/21
0,534.916,0,0,,02/10/21
0,537.354,0,0,,02/09/21
0,540.953,0,0,,02/08/21
0,532.446,0,0,,02/05/21
0,534.165,0,0,,02/04/21
0,531.782,0,0,,02/03/21
0,522.301,0,0,,02/02/21
0,513.291,0,0,,02/01/21
0,499.989,0,0,,01/29/21
0,499.99,0,0,,01/28/21
0,500.15,0,0,,01/27/21
0,499.967,0,0,,01/26/21
0,499.528,0,0,,01/25/21
0,498.27,0,0,,01/22/21
0,500.861,0,0,,01/21/21
0,499.864,0,0,,01/20/21
0,501.617,0,0,,01/19/21
0,500.383,0,0,,01/15/21
0,503.884,0,0,,01/14/21
0,500.374,0,0,,01/13/21
0,505.097,0,0,,01/12/21
0,500.404,0,0,,01/11/21
0,502.036,0,0,,01/08/21
0,486.929,0,0,,01/07/21
0,481.81,0,0,,01/06/21
0,476.327,0,0,,01/05/21
0,459.335,0,0,,01/04/21
0,461.919,0,0,,12/31/20
0,432.887,0,0,,12/30/20
0,432.17,0,0,,12/29/20
0,431.558,0,0,,12/28/20
0,432.103,0,0,,12/24/20
0,431.881,0,0,,12/23/20
0,428.537,0,0,,12/22/20
0,430.465,0,0,,12/21/20
0,435.637,0,0,,12/18/20
0,433.215,0,0,,12/17/20
0,430.139,0,0,,12/16/20
0,426.828,0,0,,12/15/20
0,424.316,0,0,,12/14/20
0,422.348,0,0,,12/11/20
0,424.885,0,0,,12/10/20
0,416.759,0,0,,12/09/20
0,416.664,0,0,,12/08/20
0,409.595,0,0,,12/07/20
0,410.569,0,0,,12/04/20
0,406.836,0,0,,12/03/20
0,398.384,0,0,,12/02/20
0,390.797,0,0,,12/01/20
0,370.738,0,0,,11/30/20
0,371.069,0,0,,11/27/20
0,371.035,0,0,,11/25/20
0,370.385,0,0,,11/24/20
0,367.348,0,0,,11/23/20
0,365.843,0,0,,11/20/20
0,364.237,0,0,,11/19/20
0,365.866,0,0,,11/18/20
0,362.703,0,0,,11/17/20
0,361.604,0,0,,11/16/20
0,357.599,0,0,,11/13/20
0,362.899,0,0,,11/12/20
0,365.583,0,0,,11/11/20
0,365.275,0,0,,11/10/20
0,360.888,0,0,,11/09/20
0,343.07,0,0,,11/06/20
0,355.896,0,0,,11/05/20
0,361.673,0,0,,11/04/20
0,353.014,0,0,,11/03/20
0,346.497,0,0,,11/02/20
0,337.653,0,0,,10/30/20
0,375.316,0,0,,10/29/20
0,376.356,0,0,,10/28/20
0,379.089,0,0,,10/27/20
0,377.594,0,0,,10/26/20
0,379.18,0,0,,10/23/20
0,381.004,0,0,,10/22/20
0,379.506,0,0,,10/21/20
0,384.287,0,0,,10/20/20
0,380.293,0,0,,10/19/20
0,383.05,0,0,,10/16/20
0,386.107,0,0,,10/15/20
0,388.696,0,0,,10/14/20
0,384.069,0,0,,10/13/20
0,383.943,0,0,,10/12/20
0,389.297,0,0,,10/09/20
0,396.211,0,0,,10/08/20
0,384.705,0,0,,10/07/20
0,391.06,0,0,,10/06/20
0,382.307,0,0,,10/05/20
0,364.029,0,0,,10/02/20
0,372.04,0,0,,10/01/20
0,366.739,0,0,,09/30/20
0,366.819,0,0,,09/29/20
0,368.038,0,0,,09/28/20
0,367.56,0,0,,09/25/20
0,367.096,0,0,,09/24/20
0,366.159,0,0,,09/23/20
0,366.066,0,0,,09/22/20
0,367.041,0,0,,09/21/20
0,372.576,0,0,,09/18/20
0,373.028,0,0,,09/17/20
0,367.8,0,0,,09/16/20
0,358.894,0,0,,09/15/20
0,355.393,0,0,,09/14/20
0,353.85,0,0,,09/11/20
0,353.468,0,0,,09/10/20
0,360.741,0,0,,09/09/20
0,355.585,0,0,,09/08/20
0,370.92,0,0,,09/04/20
0,383.111,0,0,,09/03/20
0,383.236,0,0,,09/02/20
0,393.133,0,0,,09/01/20
0,388.416,0,0,,08/31/20
0,393.158,0,0,,08/28/20
0,381.242,0,0,,08/27/20
0,382.092,0,0,,08/26/20
0,382.574,0,0,,08/25/20
0,381.525,0,0,,08/24/20
0,378.648,0,0,,08/21/20
0,379.173,0,0,,08/20/20
0,379.329,0,0,,08/19/20
0,380.248,0,0,,08/18/20
0,380.344,0,0,,08/17/20
0,377.086,0,0,,08/14/20
0,376.101,0,0,,08/13/20
0,376.869,0,0,,08/12/20
0,369.9,0,0,,08/11/20
0,372.981,0,0,,08/10/20
0,368.379,0,0,,08/07/20
0,370.708,0,0,,08/06/20
0,366.666,0,0,,08/05/20
0,362.949,0,0,,08/04/20
0,364.949,0,0,,08/03/20
0,354.351,0,0,,07/31/20
0,381.593,0,0,,07/30/20
0,382.903,0,0,,07/29/20
0,383.408,0,0,,07/28/20
0,384.396,0,0,,07/27/20
0,385.134,0,0,,07/24/20
0,383.224,0,0,,07/23/20
0,384.551,0,0,,07/22/20
0,383.98,0,0,,07/21/20
0,377.157,0,0,,07/20/20
0,375.128,0,0,,07/17/20
0,377.273,0,0,,07/16/20
0,382.34,0,0,,07/15/20
0,376.308,0,0,,07/14/20
0,379.705,0,0,,07/13/20
0,387.402,0,0,,07/10/20
0,381.375,0,0,,07/09/20
0,388.006,0,0,,07/08/20
0,387.506,0,0,,07/07/20
0,387.249,0,0,,07/06/20
0,378.184,0,0,,07/02/20
0,377.121,0,0,,07/01/20
0,342.227,0,0,,06/30/20
0,341.423,0,0,,06/29/20
0,340.806,0,0,,06/26/20
0,341.482,0,0,,06/25/20
0,341.07,0,0,,06/24/20
0,345.47,0,0,,06/23/20
0,343.87,0,0,,06/22/20
0,341.54,0,0,,06/19/20
0,338.131,0,0,,06/18/20
0,332.846,0,0,,06/17/20
0,332.893,0,0,,06/16/20
0,326.882,0,0,,06/15/20
0,319.477,0,0,,06/12/20
0,317.677,0,0,,06/11/20
0,330.355,0,0,,06/10/20
0,327.533,0,0,,06/09/20
0,327.777,0,0,,06/08/20
0,338.423,0,0,,06/05/20
0,321.399,0,0,,06/04/20
0,317.884,0,0,,06/03/20
0,318.07,0,0,,06/02/20
0,303.299,0,0,,06/01/20
0,297.794,0,0,,05/29/20
0,229.234,0,0,,05/28/20
0,229.626,0,0,,05/27/20
0,232.062,0,0,,05/26/20
0,229.165,0,0,,05/22/20
0,231.863,0,0,,05/21/20
0,230.912,0,0,,05/20/20
0,224.509,0,0,,05/19/20
0,224.134,0,0,,05/18/20
0,212.524,0,0,,05/15/20
0,200.079,0,0,,05/14/20
0,188.528,0,0,,05/13/20
0,199.521,0,0,,05/12/20
0,203.39,0,0,,05/11/20
0,210.606,0,0,,05/08/20
0,200.603,0,0,,05/07/20
0,192.897,0,0,,05/06/20
0,201.857,0,0,,05/05/20
0,172.866,0,0,,05/04/20
0,162.176,0,0,,05/01/20
0,138.413,0,0,,04/30/20
0,138.165,0,0,,04/29/20
0,136.575,0,0,,04/28/20
0,137.103,0,0,,04/27/20
0,138.814,0,0,,04/24/20
0,141.919,0,0,,04/23/20
0,140.331,0,0,,04/22/20
0,130.444,0,0,,04/21/20
0,148.551,0,0,,04/20/20
0,152.402,0,0,,04/17/20
0,151.894,0,0,,04/16/20
0,148.709,0,0,,04/15/20
0,149.709,0,0,,04/14/20
0,147.163,0,0,,04/13/20
0,145.364,0,0,,04/09/20
0,156.621,0,0,,04/08/20
0,153.195,0,0,,04/07/20
0,162.987,0,0,,04/06/20
0,179.423,0,0,,04/03/20
0,161.892,0,0,,04/02/20
0,132.604,0,0,,04/01/20
0,246.705,0,0,,03/31/20
0,247.761,0,0,,03/30/20
0,248.893,0,0,,03/27/20
0,250.503,0,0,,03/26/20
0,251.749,0,0,,03/25/20
0,247.907,0,0,,03/24/20
0,244.969,0,0,,03/23/20
0,254.943,0,0,,03/20/20
0,261.814,0,0,,03/19/20
0,257.044,0,0,,03/18/20
0,270.103,0,0,,03/17/20
0,272.242,0,0,,03/16/20
0,296.63,0,0,,03/12/20
0,319.897,0,0,,03/11/20
0,330.728,0,0,,03/10/20
0,314.312,0,0,,03/09/20
0,376.881,0,0,,03/06/20
0,406.184,0,0,,03/05/20
0,409.766,0,0,,03/04/20
0,421.861,0,0,,03/03/20
0,421.898,0,0,,03/02/20
0,403.138,0,0,,02/28/20
0,466.018,0,0,,02/27/20
0,467.509,0,0,,02/26/20
0,470.294,0,0,,02/25/20
0,473.168,0,0,,02/24/20
0,478.211,0,0,,02/21/20
0,480.093,0,0,,02/20/20
0,479.59,0,0,,02/19/20
0,475.336,0,0,,02/18/20
0,475.914,0,0,,02/14/20
0,477.345,0,0,,02/13/20
0,475.291,0,0,,02/12/20
0,464.943,0,0,,02/11/20
0,461.791,0,0,,02/10/20
0,464.697,0,0,,02/07/20
0,465.516,0,0,,02/06/20
0,465.482,0,0,,02/05/20
0,455.611,0,0,,02/04/20
0,459.504,0,0,,02/03/20
0,473.569,0,0,,01/31/20
0,527.291,0,0,,01/30/20
0,528.156,0,0,,01/29/20
0,526.478,0,0,,01/28/20
0,524.796,0,0,,01/27/20
0,528.825,0,0,,01/24/20
0,533.623,0,0,,01/23/20
0,538.53,0,0,,01/22/20
0,544.539,0,0,,01/21/20
0,545.855,0,0,,01/17/20
0,542.365,0,0,,01/16/20
0,538.251,0,0,,01/15/20
0,540.803,0,0,,01/14/20
0,538.296,0,0,,01/13/20
0,536.17,0,0,,01/10/20
0,533.298,0,0,,01/09/20
0,528.989,0,0,,01/08/20
0,546.432,0,0,,01/07/20
0,551.861,0,0,,01/06/20
0,548.772,0,0,,01/03/20
0,536.117,0,0,,01/02/20
0,540.325,0,0,,12/31/19
0,540.974,0,0,,12/30/19
0,541.558,0,0,,12/27/19
0,542.965,0,0,,12/26/19
0,542.342,0,0,,12/24/19
0,541.703,0,0,,12/23/19
0,542.226,0,0,,12/20/19
0,542.327,0,0,,12/19/19
0,539.549,0,0,,12/18/19
0,539.664,0,0,,12/17/19
0,538.503,0,0,,12/16/19
0,538.136,0,0,,12/13/19
0,535.993,0,0,,12/12/19
0,539.974,0,0,,12/11/19
0,547.179,0,0,,12/10/19
0,546.89,0,0,,12/09/19
0,543.714,0,0,,12/06/19
0,533.377,0,0,,12/05/19
0,528.63,0,0,,12/04/19
0,504.09,0,0,,12/03/19
0,508.918,0,0,,12/02/19
0,509.962,0,0,,11/29/19
0,530.712,0,0,,11/27/19
0,531.218,0,0,,11/26/19
0,528.837,0,0,,11/25/19
0,527.712,0,0,,11/22/19
0,529.932,0,0,,11/21/19
0,525.23,0,0,,11/20/19
0,517.645,0,0,,11/19/19
0,518.573,0,0,,11/18/19
0,522.52,0,0,,11/15/19
0,517.322,0,0,,11/14/19
0,516.201,0,0,,11/13/19
0,510.35,0,0,,11/12/19
0,511.366,0,0,,11/11/19
0,514.61,0,0,,11/08/19
0,511.279,0,0,,11/07/19
0,505.312,0,0,,11/06/19
0,519.363,0,0,,11/05/19
0,518.271,0,0,,11/04/19
0,517.029,0,0,,11/01/19
0,491,0,0,,10/31/19
0,491.259,0,0,,10/30/19
0,491.384,0,0,,10/29/19
0,490.657,0,0,,10/28/19
0,490.955,0,0,,10/25/19
0,490.544,0,0,,10/24/19
0,490.406,0,0,,10/23/19
0,487.9,0,0,,10/22/19
0,484.655,0,0,,10/21/19
0,484.062,0,0,,10/18/19
0,484.996,0,0,,10/17/19
0,485.434,0,0,,10/16/19
0,483.01,0,0,,10/15/19
0,487.735,0,0,,10/14/19
0,493.908,0,0,,10/11/19
0,484.132,0,0,,10/10/19
0,476.569,0,0,,10/09/19
0,472.2,0,0,,10/08/19
0,467.662,0,0,,10/07/19
0,468.299,0,0,,10/04/19
0,462.412,0,0,,10/03/19
0,467.12,0,0,,10/02/19
0,471.653,0,0,,10/01/19
0,479.464,0,0,,09/30/19
0,479.405,0,0,,09/27/19
0,479.611,0,0,,09/26/19
0,479.063,0,0,,09/25/19
0,480.19,0,0,,09/24/19
0,484.136,0,0,,09/23/19
0,483.759,0,0,,09/20/19
0,483.129,0,0,,09/19/19
0,478.332,0,0,,09/18/19
0,485.222,0,0,,09/17/19
0,495.812,0,0,,09/16/19
0,453.384,0,0,,09/13/19
0,454.689,0,0,,09/12/19
0,457.91,0,0,,09/11/19
0,464.772,0,0,,09/10/19
0,466.645,0,0,,09/09/19
0,461.335,0,0,,09/06/19
0,454.197,0,0,,09/05/19
0,452.512,0,0,,09/04/19
0,434.68,0,0,,09/03/19
0,443.33,0,0,,08/30/19
0,447.573,0,0,,08/29/19
0,447.412,0,0,,08/28/19
0,446.291,0,0,,08/27/19
0,445.599,0,0,,08/26/19
0,446.747,0,0,,08/23/19
0,449.067,0,0,,08/22/19
0,449.695,0,0,,08/21/19
0,448.866,0,0,,08/20/19
0,447.859,0,0,,08/19/19
0,444.007,0,0,,08/16/19
0,442.693,0,0,,08/15/19
0,447.821,0,0,,08/14/19
0,456.877,0,0,,08/13/19
0,442.815,0,0,,08/12/19
0,442.788,0,0,,08/09/19
0,436.161,0,0,,08/08/19
0,431.242,0,0,,08/07/19
0,450.861,0,0,,08/06/19
0,458.285,0,0,,08/05/19
0,476.035,0,0,,08/02/19
0,464.675,0,0,,08/01/19
0,503.457,0,0,,07/31/19
0,503.477,0,0,,07/30/19
0,503.013,0,0,,07/29/19
0,502.918,0,0,,07/26/19
0,503.273,0,0,,07/25/19
0,502.419,0,0,,07/24/19
0,504.562,0,0,,07/23/19
0,503.603,0,0,,07/22/19
0,502.017,0,0,,07/19/19
0,500.221,0,0,,07/18/19
0,504.896,0,0,,07/17/19
0,505.594,0,0,,07/16/19
0,514.558,0,0,,07/15/19
0,520.201,0,0,,07/12/19
0,521.172,0,0,,07/11/19
0,524.994,0,0,,07/10/19
0,508.036,0,0,,07/09/19
0,504.182,0,0,,07/08/19
0,505.225,0,0,,07/05/19
0,501.89,0,0,,07/03/19
0,486.403,0,0,,07/02/19
0,507.007,0,0,,07/01/19
0,503.278,0,0,,06/28/19
0,472.703,0,0,,06/27/19
0,472.696,0,0,,06/26/19
0,470.158,0,0,,06/25/19
0,470.359,0,0,,06/24/19
0,471.626,0,0,,06/21/19
0,468.947,0,0,,06/20/19
0,460.917,0,0,,06/19/19
0,458.728,0,0,,06/18/19
0,452.067,0,0,,06/17/19
0,456.473,0,0,,06/14/19
0,452.374,0,0,,06/13/19
0,443.885,0,0,,06/12/19
0,457.708,0,0,,06/11/19
0,455.584,0,0,,06/10/19
0,458.012,0,0,,06/07/19
0,448.88,0,0,,06/06/19
0,446.037,0,0,,06/05/19
0,461.406,0,0,,06/04/19
0,457.777,0,0,,06/03/19
0,544.571,0,0,,05/31/19
0,544.853,0,0,,05/30/19
0,546.789,0,0,,05/29/19
0,548.328,0,0,,05/28/19
0,546.531,0,0,,05/24/19
0,544.9,0,0,,05/23/19
0,553.911,0,0,,05/22/19
0,558.569,0,0,,05/21/19
0,559.22,0,0,,05/20/19
0,562.448,0,0,,05/17/19
0,563.944,0,0,,05/16/19
0,557.394,0,0,,05/15/19
0,553.542,0,0,,05/14/19
0,550.625,0,0,,05/13/19
0,553.351,0,0,,05/10/19
0,555.939,0,0,,05/09/19
0,556.647,0,0,,05/08/19
0,553.966,0,0,,05/07/19
0,565.609,0,0,,05/06/19
0,562.67,0,0,,05/03/19
0,558.704,0,0,,05/02/19
0,573.741,0,0,,05/01/19
0,563.163,0,0,,04/30/19
0,562.834,0,0,,04/29/19
0,562.917,0,0,,04/26/19
0,565.261,0,0,,04/25/19
0,565.105,0,0,,04/24/19
0,566.349,0,0,,04/23/19
0,563.722,0,0,,04/22/19
0,558.278,0,0,,04/18/19
0,556.956,0,0,,04/17/19
0,557.136,0,0,,04/16/19
0,554.431,0,0,,04/15/19
0,556.706,0,0,,04/12/19
0,555.047,0,0,,04/11/19
0,561.622,0,0,,04/10/19
0,550.4,0,0,,04/09/19
0,551.493,0,0,,04/08/19
0,550,0,0,,04/05/19
0,542.854,0,0,,04/04/19
0,544.241,0,0,,04/03/19
0,543.995,0,0,,04/02/19
0,542.332,0,0,,04/01/19
0,533.155,0,0,,03/29/19
0,532.896,0,0,,03/28/19
0,533.807,0,0,,03/27/19
0,534.798,0,0,,03/26/19
0,533.715,0,0,,03/25/19
0,533.341,0,0,,03/22/19
0,534.789,0,0,,03/21/19
0,537.202,0,0,,03/20/19
0,535.313,0,0,,03/19/19
0,534.616,0,0,,03/18/19
0,532.226,0,0,,03/15/19
0,532.501,0,0,,03/14/19
0,530.546,0,0,,03/13/19
0,523.363,0,0,,03/12/19
0,519.331,0,0,,03/08/19
0,526.847,0,0,,03/07/19
0,527.018,0,0,,03/06/19
0,524.679,0,0,,03/05/19
0,519.264,0,0,,03/04/19
0,512.163,0,0,,03/01/19
0,499.825,0,0,,02/28/19
0,500.093,0,0,,02/27/19
0,498.713,0,0,,02/26/19
0,497.63,0,0,,02/25/19
0,501.544,0,0,,02/22/19
0,501.999,0,0,,02/21/19
0,502.61,0,0,,02/20/19
0,499.573,0,0,,02/19/19
0,497.685,0,0,,02/15/19
0,489.71,0,0,,02/14/19
0,486.38,0,0,,02/13/19
0,481.599,0,0,,02/12/19
0,474.338,0,0,,02/11/19
0,475.404,0,0,,02/08/19
0,470.102,0,0,,02/07/19
0,479.107,0,0,,02/06/19
0,474.977,0,0,,02/05/19
0,480.369,0,0,,02/04/19
0,487.238,0,0,,02/01/19
0,459.159,0,0,,01/31/19
0,458.703,0,0,,01/30/19
0,457.696,0,0,,01/29/19
0,455.913,0,0,,01/28/19
0,458.866,0,0,,01/25/19
0,456.977,0,0,,01/24/19
0,455.581,0,0,,01/23/19
0,458.191,0,0,,01/22/19
0,463.116,0,0,,01/18/19
0,460.893,0,0,,01/17/19
0,463.152,0,0,,01/16/19
0,462.879,0,0,,01/15/19
0,454.107,0,0,,01/14/19
0,462.436,0,0,,01/11/19
0,468.277,0,0,,01/10/19
0,466.322,0,0,,01/09/19
0,446.996,0,0,,01/08/19
0,444.527,0,0,,01/07/19
0,446.241,0,0,,01/04/19
0,445.126,0,0,,01/03/19
0,438.84,0,0,,01/02/19
0,462.868,0,0,,12/31/18
0,462.868,0,0,,12/28/18
0,463.393,0,0,,12/27/18
0,464.733,0,0,,12/26/18
0,460.5,0,0,,12/24/18
0,463.968,0,0,,12/21/18
0,465.421,0,0,,12/20/18
0,468.893,0,0,,12/19/18
0,464.562,0,0,,12/18/18
0,473.616,0,0,,12/17/18
0,474.227,0,0,,12/14/18
0,477.52,0,0,,12/13/18
0,471.368,0,0,,12/12/18
0,469.664,0,0,,12/11/18
0,468.019,0,0,,12/10/18
0,478.999,0,0,,12/07/18
0,469.926,0,0,,12/06/18
0,479.009,0,0,,12/05/18
0,484.614,0,0,,12/04/18
0,483.926,0,0,,12/03/18
0,468.336,0,0,,11/30/18
0,505.919,0,0,,11/29/18
0,504.837,0,0,,11/28/18
0,506.168,0,0,,11/27/18
0,506.758,0,0,,11/26/18
0,502.86,0,0,,11/23/18
0,515.07,0,0,,11/21/18
0,513.208,0,0,,11/20/18
0,529.311,0,0,,11/19/18
0,528.008,0,0,,11/16/18
0,524.83,0,0,,11/15/18
0,518.662,0,0,,11/14/18
0,511.397,0,0,,11/13/18
0,534.66,0,0,,11/12/18
0,532.929,0,0,,11/09/18
0,535.286,0,0,,11/08/18
0,550.125,0,0,,11/07/18
0,560.328,0,0,,11/06/18
0,566.524,0,0,,11/05/18
0,569.888,0,0,,11/02/18
0,572.402,0,0,,11/01/18
0,661.815,0,0,,10/31/18
0,662.133,0,0,,10/30/18
0,662.944,0,0,,10/29/18
0,662.848,0,0,,10/26/18
0,662.845,0,0,,10/25/18
0,662.405,0,0,,10/24/18
0,661.804,0,0,,10/23/18
0,671.241,0,0,,10/22/18
0,672.364,0,0,,10/19/18
0,670.295,0,0,,10/18/18
0,674.603,0,0,,10/17/18
0,683.072,0,0,,10/16/18
0,678.933,0,0,,10/15/18
0,675.874,0,0,,10/12/18
0,676.801,0,0,,10/11/18
0,693.617,0,0,,10/10/18
0,707.184,0,0,,10/09/18
0,707.479,0,0,,10/08/18
0,709.056,0,0,,10/05/18
0,710.988,0,0,,10/04/18
0,724.952,0,0,,10/03/18
0,718.612,0,0,,10/02/18
0,724.069,0,0,,10/01/18
0,707.19,0,0,,09/28/18
0,675.38,0,0,,09/27/18
0,674.853,0,0,,09/26/18
0,675.416,0,0,,09/25/18
0,674.497,0,0,,09/24/18
0,670.442,0,0,,09/21/18
0,671.046,0,0,,09/20/18
0,673.198,0,0,,09/19/18
0,672.91,0,0,,09/18/18
0,669.357,0,0,,09/17/18
0,669.329,0,0,,09/14/18
0,669.665,0,0,,09/13/18
0,678.343,0,0,,09/12/18
0,672.748,0,0,,09/11/18
0,666.78,0,0,,09/10/18
0,664.129,0,0,,09/07/18
0,660.539,0,0,,09/06/18
0,666.477,0,0,,09/05/18
0,676.196,0,0,,09/04/18
0,667.304,0,0,,08/31/18
0,640.686,0,0,,08/30/18
0,640.27,0,0,,08/29/18
0,638.494,0,0,,08/28/18
0,638.817,0,0,,08/27/18
0,638.169,0,0,,08/24/18
0,636.946,0,0,,08/23/18
0,637.553,0,0,,08/22/18
0,632.595,0,0,,08/21/18
0,631.31,0,0,,08/20/18
0,629.751,0,0,,08/17/18
0,629.57,0,0,,08/16/18
0,628.524,0,0,,08/15/18
0,635.153,0,0,,08/14/18
0,635.197,0,0,,08/13/18
0,636.982,0,0,,08/10/18
0,630.829,0,0,,08/09/18
0,632.566,0,0,,08/08/18
0,648.837,0,0,,08/07/18
0,642.341,0,0,,08/06/18
0,641.443,0,0,,08/03/18
0,643.825,0,0,,08/02/18
0,636.983,0,0,,08/01/18
0,642.727,0,0,,07/31/18
0,643.288,0,0,,07/30/18
0,642.913,0,0,,07/27/18
0,642.839,0,0,,07/26/18
0,641.451,0,0,,07/25/18
0,639.534,0,0,,07/24/18
0,638.321,0,0,,07/23/18
0,635.904,0,0,,07/20/18
0,632.778,0,0,,07/19/18
0,633.451,0,0,,07/18/18
0,630.435,0,0,,07/17/18
0,630.369,0,0,,07/16/18
0,645.986,0,0,,07/13/18
0,643.426,0,0,,07/12/18
0,634.05,0,0,,07/11/18
0,662.297,0,0,,07/10/18
0,657.607,0,0,,07/09/18
0,650.083,0,0,,07/06/18
0,650.924,0,0,,07/05/18
0,652.018,0,0,,07/03/18
0,646.402,0,0,,07/02/18
0,661.591,0,0,,06/29/18
0,631.909,0,0,,06/28/18
0,631.663,0,0,,06/27/18
0,630.088,0,0,,06/26/18
0,628.885,0,0,,06/25/18
0,630.505,0,0,,06/22/18
0,624.288,0,0,,06/21/18
0,627.639,0,0,,06/20/18
0,629.749,0,0,,06/19/18
0,632.989,0,0,,06/18/18
0,625.707,0,0,,06/15/18
0,636.972,0,0,,06/14/18
0,644.001,0,0,,06/13/18
0,638.931,0,0,,06/12/18
0,640.385,0,0,,06/11/18
0,639.424,0,0,,06/08/18
0,642.497,0,0,,06/07/18
0,633.807,0,0,,06/06/18
0,638.709,0,0,,06/05/18
0,637.146,0,0,,06/04/18
0,652.161,0,0,,06/01/18
0,666.821,0,0,,05/31/18
0,666.857,0,0,,05/30/18
0,666.227,0,0,,05/29/18
0,667.704,0,0,,05/25/18
0,671.443,0,0,,05/24/18
0,673.352,0,0,,05/23/18
0,672.837,0,0,,05/22/18
0,671.53,0,0,,05/21/18
0,668.313,0,0,,05/18/18
0,669.688,0,0,,05/17/18
0,669.067,0,0,,05/16/18
0,663.602,0,0,,05/15/18
0,664.084,0,0,,05/14/18
0,659.618,0,0,,05/11/18
0,660.106,0,0,,05/10/18
0,658.642,0,0,,05/09/18
0,643.604,0,0,,05/08/18
0,649.676,0,0,,05/07/18
0,640.313,0,0,,05/04/18
0,627.61,0,0,,05/03/18
0,624.485,0,0,,05/02/18
0,623.578,0,0,,05/01/18
0,607.2,0,0,,04/30/18
0,606.861,0,0,,04/27/18
0,606.429,0,0,,04/26/18
0,605.58,0,0,,04/25/18
0,604.536,0,0,,04/24/18
0,605.973,0,0,,04/23/18
0,603.862,0,0,,04/20/18
0,602.337,0,0,,04/19/18
0,601.605,0,0,,04/18/18
0,596.094,0,0,,04/17/18
0,596.219,0,0,,04/16/18
0,601.76,0,0,,04/13/18
0,599.728,0,0,,04/12/18
0,599.427,0,0,,04/11/18
0,594.222,0,0,,04/10/18
0,581.649,0,0,,04/09/18
0,571.463,0,0,,04/06/18
0,578.652,0,0,,04/05/18
0,579.449,0,0,,04/04/18
0,581.986,0,0,,04/03/18
0,574.424,0,0,,04/02/18
0,589.738,0,0,,03/29/18
0,571.517,0,0,,03/28/18
0,571.796,0,0,,03/27/18
0,571.505,0,0,,03/26/18
0,572.337,0,0,,03/23/18
0,569.684,0,0,,03/22/18
0,570.679,0,0,,03/21/18
0,565.619,0,0,,03/20/18
0,561.918,0,0,,03/19/18
0,563.173,0,0,,03/16/18
0,559.866,0,0,,03/15/18
0,558.428,0,0,,03/14/18
0,555.458,0,0,,03/13/18
0,555.257,0,0,,03/12/18
0,560.873,0,0,,03/09/18
0,551.07,0,0,,03/08/18
0,556.071,0,0,,03/07/18
0,562.677,0,0,,03/06/18
0,562.168,0,0,,03/05/18
0,554.382,0,0,,03/02/18
0,548.394,0,0,,03/01/18
0,555.15,0,0,,02/28/18
0,555.575,0,0,,02/27/18
0,555.695,0,0,,02/26/18
0,555.052,0,0,,02/23/18
0,553.682,0,0,,02/22/18
0,551.548,0,0,,02/21/18
0,551.267,0,0,,02/20/18
0,549.655,0,0,,02/16/18
0,548.495,0,0,,02/15/18
0,551.468,0,0,,02/14/18
0,542.51,0,0,,02/13/18
0,540.204,0,0,,02/12/18
0,540.136,0,0,,02/09/18
0,549.499,0,0,,02/08/18
0,550.896,0,0,,02/07/18
0,559.199,0,0,,02/06/18
0,570.79,0,0,,02/05/18
0,580.951,0,0,,02/02/18
0,592.319,0,0,,02/01/18
0,592.227,0,0,,01/31/18
0,592.252,0,0,,01/30/18
0,593.072,0,0,,01/29/18
0,594.366,0,0,,01/26/18
0,594.422,0,0,,01/25/18
0,595.116,0,0,,01/24/18
0,594.443,0,0,,01/23/18
0,591.947,0,0,,01/22/18
0,592.56,0,0,,01/19/18
0,595.207,0,0,,01/18/18
0,594.476,0,0,,01/17/18
0,592.026,0,0,,01/16/18
0,595.363,0,0,,01/12/18
0,589.873,0,0,,01/11/18
0,593.039,0,0,,01/10/18
0,598.895,0,0,,01/09/18
0,591.441,0,0,,01/08/18
0,587.936,0,0,,01/05/18
0,590.152,0,0,,01/04/18
0,594.808,0,0,,01/03/18
0,589.969,0,0,,01/02/18
0,597.194,0,0,,12/29/17
0,576.444,0,0,,12/28/17
0,576.208,0,0,,12/27/17
0,577.456,0,0,,12/26/17
0,575.128,0,0,,12/22/17
0,574.621,0,0,,12/21/17
0,573.498,0,0,,12/20/17
0,570.743,0,0,,12/19/17
0,568.909,0,0,,12/18/17
0,567.875,0,0,,12/15/17
0,569.172,0,0,,12/14/17
0,566.774,0,0,,12/13/17
0,571.02,0,0,,12/12/17
0,578.638,0,0,,12/11/17
0,575.987,0,0,,12/08/17
0,568.434,0,0,,12/07/17
0,559.091,0,0,,12/06/17
0,567.958,0,0,,12/05/17
0,563.802,0,0,,12/04/17
0,574.172,0,0,,12/01/17
0,571.727,0,0,,11/30/17
0,571.72,0,0,,11/29/17
0,572.55,0,0,,11/28/17
0,573.07,0,0,,11/27/17
0,573.366,0,0,,11/24/17
0,572.275,0,0,,11/22/17
0,570.189,0,0,,11/21/17
0,569.497,0,0,,11/20/17
0,571.58,0,0,,11/17/17
0,566.291,0,0,,11/16/17
0,567.941,0,0,,11/15/17
0,571.031,0,0,,11/14/17
0,577.884,0,0,,11/13/17
0,577.763,0,0,,11/10/17
0,578.343,0,0,,11/09/17
0,573.357,0,0,,11/08/17
0,575.434,0,0,,11/07/17
0,582.25,0,0,,11/06/17
0,569.129,0,0,,11/03/17
0,558.164,0,0,,11/02/17
0,552.844,0,0,,11/01/17
0,519.125,0,0,,10/31/17
0,518.884,0,0,,10/30/17
0,518.829,0,0,,10/27/17
0,517.779,0,0,,10/26/17
0,516.466,0,0,,10/25/17
0,516.219,0,0,,10/24/17
0,513.519,0,0,,10/23/17
0,514.431,0,0,,10/20/17
0,510.981,0,0,,10/19/17
0,513.433,0,0,,10/18/17
0,513.179,0,0,,10/17/17
0,513.969,0,0,,10/16/17
0,512.276,0,0,,10/13/17
0,506.556,0,0,,10/12/17
0,510.106,0,0,,10/11/17
0,506.535,0,0,,10/10/17
0,499.479,0,0,,10/09/17
0,499.839,0,0,,10/06/17
0,512.84,0,0,,10/05/17
0,500.827,0,0,,10/04/17
0,497.397,0,0,,10/03/17
0,499.374,0,0,,10/02/17
0,510.245,0,0,,09/29/17
0,504.009,0,0,,09/28/17
0,504.254,0,0,,09/27/17
0,505.112,0,0,,09/26/17
0,506.6,0,0,,09/25/17
0,502.882,0,0,,09/22/17
0,501.475,0,0,,09/21/17
0,500.691,0,0,,09/20/17
0,497.064,0,0,,09/19/17
0,497.84,0,0,,09/18/17
0,497.326,0,0,,09/15/17
0,493.546,0,0,,09/14/17
0,495.389,0,0,,09/13/17
0,493.396,0,0,,09/12/17
0,491.829,0,0,,09/11/17
0,493.091,0,0,,09/08/17
0,498.486,0,0,,09/07/17
0,495.694,0,0,,09/06/17
0,488.795,0,0,,09/05/17
0,485.605,0,0,,09/01/17
0,459.159,0,0,,08/31/17
0,458.124,0,0,,08/30/17
0,458.081,0,0,,08/29/17
0,456.587,0,0,,08/28/17
0,457.184,0,0,,08/25/17
0,456.906,0,0,,08/24/17
0,456.359,0,0,,08/23/17
0,454.948,0,0,,08/22/17
0,454.024,0,0,,08/21/17
0,459.211,0,0,,08/18/17
0,453.206,0,0,,08/17/17
0,450.301,0,0,,08/16/17
0,451.865,0,0,,08/15/17
0,451.584,0,0,,08/14/17
0,456.772,0,0,,08/11/17
0,455.633,0,0,,08/10/17
0,460.022,0,0,,08/09/17
0,455.817,0,0,,08/08/17
0,460.036,0,0,,08/07/17
0,464.53,0,0,,08/04/17
0,460.378,0,0,,08/03/17
0,463.084,0,0,,08/02/17
0,462.26,0,0,,08/01/17
0,424.81,0,0,,07/31/17
0,424.505,0,0,,07/28/17
0,424.001,0,0,,07/27/17
0,422.597,0,0,,07/26/17
0,421.102,0,0,,07/25/17
0,418.45,0,0,,07/24/17
0,417.171,0,0,,07/21/17
0,419.658,0,0,,07/20/17
0,419.98,0,0,,07/19/17
0,416.643,0,0,,07/18/17
0,412.506,0,0,,07/17/17
0,413.682,0,0,,07/14/17
0,410.661,0,0,,07/13/17
0,407.872,0,0,,07/12/17
0,408.153,0,0,,07/11/17
0,404.97,0,0,,07/10/17
0,403.074,0,0,,07/07/17
0,409.083,0,0,,07/06/17
0,404.227,0,0,,07/05/17
0,420.21,0,0,,07/03/17
0,413.522,0,0,,06/30/17
0,400.53,0,0,,06/29/17
0,400.298,0,0,,06/28/17
0,399.57,0,0,,06/27/17
0,398.108,0,0,,06/26/17
0,397.491,0,0,,06/23/17
0,396.913,0,0,,06/22/17
0,395.242,0,0,,06/21/17
0,398.177,0,0,,06/20/17
0,399.983,0,0,,06/19/17
0,400.946,0,0,,06/16/17
0,399.263,0,0,,06/15/17
0,400.628,0,0,,06/14/17
0,409.309,0,0,,06/13/17
0,405.783,0,0,,06/12/17
0,405.714,0,0,,06/09/17
0,401.493,0,0,,06/08/17
0,399.813,0,0,,06/07/17
0,416.022,0,0,,06/06/17
0,413.198,0,0,,06/05/17
0,418.337,0,0,,06/02/17
0,426.119,0,0,,06/01/17
0,434.619,0,0,,05/31/17
0,435.485,0,0,,05/30/17
0,435.962,0,0,,05/26/17
0,435.26,0,0,,05/25/17
0,438.272,0,0,,05/24/17
0,438.976,0,0,,05/23/17
0,439.304,0,0,,05/22/17
0,438.379,0,0,,05/19/17
0,436.088,0,0,,05/18/17
0,435.814,0,0,,05/17/17
0,434.658,0,0,,05/16/17
0,435.634,0,0,,05/15/17
0,432.846,0,0,,05/12/17
0,432.899,0,0,,05/11/17
0,429.42,0,0,,05/10/17
0,420.357,0,0,,05/09/17
0,427.267,0,0,,05/08/17
0,427.452,0,0,,05/05/17
0,419.564,0,0,,05/04/17
0,436.383,0,0,,05/03/17
0,432.288,0,0,,05/02/17
0,437.715,0,0,,05/01/17
0,467.944,0,0,,04/28/17
0,467.822,0,0,,04/27/17
0,468.958,0,0,,04/26/17
0,469.753,0,0,,04/25/17
0,469.411,0,0,,04/24/17
0,470.127,0,0,,04/21/17
0,471.651,0,0,,04/20/17
0,470.877,0,0,,04/19/17
0,479.42,0,0,,04/18/17
0,481.067,0,0,,04/17/17
0,483.382,0,0,,04/13/17
0,481.674,0,0,,04/12/17
0,481.866,0,0,,04/11/17
0,482.392,0,0,,04/10/17
0,479.98,0,0,,04/07/17
0,477.18,0,0,,04/06/17
0,475.523,0,0,,04/05/17
0,477.549,0,0,,04/04/17
0,469.982,0,0,,04/03/17
0,459.413,0,0,,03/31/17
0,459.489,0,0,,03/30/17
0,459.298,0,0,,03/29/17
0,457.972,0,0,,03/28/17
0,457.124,0,0,,03/27/17
0,456.528,0,0,,03/24/17
0,455.392,0,0,,03/23/17
0,456.35,0,0,,03/22/17
0,456.903,0,0,,03/21/17
0,459.223,0,0,,03/20/17
0,459.9,0,0,,03/17/17
0,458.853,0,0,,03/16/17
0,458.916,0,0,,03/15/17
0,454.828,0,0,,03/14/17
0,458.045,0,0,,03/13/17
0,457.961,0,0,,03/10/17
0,460.811,0,0,,03/09/17
0,463.75,0,0,,03/08/17
0,479.5,0,0,,03/07/17
0,480.666,0,0,,03/06/17
0,478.404,0,0,,03/03/17
0,468.496,0,0,,03/02/17
0,483.174,0,0,,03/01/17
0,498.937,0,0,,02/27/17
0,498.552,0,0,,02/24/17
0,499.041,0,0,,02/23/17
0,497.247,0,0,,02/22/17
0,498.292,0,0,,02/21/17
0,499.021,0,0,,02/17/17
0,500.691,0,0,,02/16/17
0,503.959,0,0,,02/15/17
0,505.18,0,0,,02/14/17
0,503.548,0,0,,02/13/17
0,509.382,0,0,,02/10/17
0,502.235,0,0,,02/09/17
0,496.801,0,0,,02/08/17
0,496.104,0,0,,02/07/17
0,502.535,0,0,,02/06/17
0,507.981,0,0,,02/03/17
0,503.428,0,0,,02/02/17
0,509.456,0,0,,02/01/17
0,499.369,0,0,,01/31/17
0,498.802,0,0,,01/30/17
0,498.689,0,0,,01/27/17
0,499.017,0,0,,01/26/17
0,498.007,0,0,,01/25/17
0,499.912,0,0,,01/24/17
0,499.139,0,0,,01/23/17
0,498.981,0,0,,01/20/17
0,494.197,0,0,,01/19/17
0,491.832,0,0,,01/18/17
0,496.301,0,0,,01/17/17
0,496.716,0,0,,01/13/17
0,501.712,0,0,,01/12/17
0,496.07,0,0,,01/11/17
0,481.366,0,0,,01/10/17
0,486.802,0,0,,01/09/17
0,500.453,0,0,,01/06/17
0,496.995,0,0,,01/05/17
0,494.506,0,0,,01/04/17
0,478.807,0,0,,01/03/17
0,463.163,0,0,,12/30/16
0,463.319,0,0,,12/29/16
0,463.424,0,0,,12/28/16
0,463.594,0,0,,12/27/16
0,461.92,0,0,,12/23/16
0,462.414,0,0,,12/22/16
0,460.805,0,0,,12/21/16
0,461.661,0,0,,12/20/16
0,459.873,0,0,,12/19/16
0,461.539,0,0,,12/16/16
0,457.689,0,0,,12/15/16
0,455.09,0,0,,12/14/16
0,460.757,0,0,,12/13/16
0,459.229,0,0,,12/12/16
0,455.22,0,0,,12/09/16
0,454.102,0,0,,12/08/16
0,451.283,0,0,,12/07/16
0,457.696,0,0,,12/06/16
0,463.896,0,0,,12/05/16
0,464.372,0,0,,12/02/16
0,459.342,0,0,,12/01/16
0,414.92,0,0,,11/29/16
0,416.03,0,0,,11/28/16
0,414.595,0,0,,11/25/16
0,417.419,0,0,,11/23/16
0,418.894,0,0,,11/22/16
0,418.702,0,0,,11/21/16
0,413.302,0,0,,11/18/16
0,410.853,0,0,,11/17/16
0,409.743,0,0,,11/16/16
0,411.16,0,0,,11/15/16
0,403.252,0,0,,11/14/16
0,408.039,0,0,,11/11/16
0,410.258,0,0,,11/10/16
0,409.963,0,0,,11/09/16
0,409.334,0,0,,11/08/16
0,409.076,0,0,,11/07/16
0,411.203,0,0,,11/04/16
0,420.412,0,0,,11/03/16
0,422.071,0,0,,11/02/16
0,429.195,0,0,,11/01/16
0,441.798,0,0,,10/31/16
0,442.671,0,0,,10/28/16
0,443.094,0,0,,10/27/16
0,442.354,0,0,,10/26/16
0,442.641,0,0,,10/25/16
0,443.615,0,0,,10/24/16
0,443.419,0,0,,10/21/16
0,441.165,0,0,,10/20/16
0,442.577,0,0,,10/19/16
0,438.974,0,0,,10/18/16
0,437.035,0,0,,10/17/16
0,438.361,0,0,,10/14/16
0,438.089,0,0,,10/13/16
0,434.428,0,0,,10/12/16
0,438.308,0,0,,10/11/16
0,445.399,0,0,,10/10/16
0,440.61,0,0,,10/07/16
0,442.291,0,0,,10/06/16
0,438.963,0,0,,10/05/16
0,427.39,0,0,,10/04/16
0,424.719,0,0,,10/03/16
0,420.772,0,0,,09/30/16
0,395.972,0,0,,09/29/16
0,396.309,0,0,,09/28/16
0,393.857,0,0,,09/27/16
0,396.441,0,0,,09/26/16
0,393.519,0,0,,09/23/16
0,397.354,0,0,,09/22/16
0,393.122,0,0,,09/21/16
0,387.765,0,0,,09/20/16
0,388.03,0,0,,09/19/16
0,388.106,0,0,,09/16/16
0,388.364,0,0,,09/15/16
0,381.672,0,0,,09/14/16
0,387.569,0,0,,09/13/16
0,395.49,0,0,,09/12/16
0,393.509,0,0,,09/09/16
0,405.81,0,0,,09/08/16
0,390.017,0,0,,09/07/16
0,384.229,0,0,,09/06/16
0,374.976,0,0,,09/02/16
0,362.37,0,0,,09/01/16
0,369.776,0,0,,08/30/16
0,370.51,0,0,,08/29/16
0,371.079,0,0,,08/26/16
0,370.649,0,0,,08/25/16
0,369.343,0,0,,08/24/16
0,371.1,0,0,,08/23/16
0,368.479,0,0,,08/22/16
0,372.399,0,0,,08/19/16
0,373.715,0,0,,08/18/16
0,370.495,0,0,,08/17/16
0,365.759,0,0,,08/16/16
0,361.25,0,0,,08/15/16
0,356.4,0,0,,08/12/16
0,354.735,0,0,,08/11/16
0,345.453,0,0,,08/10/16
0,349.926,0,0,,08/09/16
0,353.346,0,0,,08/08/16
0,349.673,0,0,,08/05/16
0,352.971,0,0,,08/04/16
0,347.915,0,0,,08/03/16
0,335.843,0,0,,08/02/16
0,337.233,0,0,,08/01/16
0,352.348,0,0,,07/29/16
0,380.453,0,0,,07/28/16
0,380.712,0,0,,07/27/16
0,382.507,0,0,,07/26/16
0,382.285,0,0,,07/25/16
0,383.838,0,0,,07/22/16
0,384.509,0,0,,07/21/16
0,387.122,0,0,,07/20/16
0,387.212,0,0,,07/19/16
0,388.39,0,0,,07/18/16
0,390.971,0,0,,07/15/16
0,389.262,0,0,,07/14/16
0,383.754,0,0,,07/13/16
0,396.726,0,0,,07/12/16
0,385.19,0,0,,07/11/16
0,389.381,0,0,,07/08/16
0,394.131,0,0,,07/07/16
0,401.685,0,0,,07/06/16
0,399.198,0,0,,07/05/16
0,418.606,0,0,,07/01/16
0,417.793,0,0,,06/29/16
0,416.713,0,0,,06/28/16
0,414.968,0,0,,06/27/16
0,416.339,0,0,,06/24/16
0,421.463,0,0,,06/23/16
0,419.677,0,0,,06/22/16
0,422.213,0,0,,06/21/16
0,421.356,0,0,,06/20/16
0,416.758,0,0,,06/17/16
0,409.503,0,0,,06/16/16
0,413.502,0,0,,06/15/16
0,415.277,0,0,,06/14/16
0,417.15,0,0,,06/13/16
0,419.657,0,0,,06/10/16
0,426.859,0,0,,06/09/16
0,428.288,0,0,,06/08/16
0,424.718,0,0,,06/07/16
0,421.266,0,0,,06/06/16
0,415.568,0,0,,06/03/16
0,421.456,0,0,,06/02/16
0,413.164,0,0,,06/01/16
0,402.194,0,0,,05/27/16
0,402.06,0,0,,05/26/16
0,402.543,0,0,,05/25/16
0,402.007,0,0,,05/24/16
0,401.3,0,0,,05/23/16
0,401.582,0,0,,05/20/16
0,402.98,0,0,,05/19/16
0,404.845,0,0,,05/18/16
0,405.489,0,0,,05/17/16
0,404.747,0,0,,05/16/16
0,399.182,0,0,,05/13/16
0,399.702,0,0,,05/12/16
0,395.567,0,0,,05/11/16
0,380.471,0,0,,05/10/16
0,369.119,0,0,,05/09/16
0,381.487,0,0,,05/06/16
0,377.997,0,0,,05/05/16
0,377.531,0,0,,05/04/16
0,383.058,0,0,,05/03/16
0,388.358,0,0,,05/02/16
0,379.274,0,0,,04/29/16
0,379.258,0,0,,04/28/16
0,379.136,0,0,,04/27/16
0,378.589,0,0,,04/26/16
0,376.483,0,0,,04/25/16
0,377.047,0,0,,04/22/16
0,374.105,0,0,,04/21/16
0,377.91,0,0,,04/20/16
0,374.336,0,0,,04/19/16
0,370.511,0,0,,04/18/16
0,370.716,0,0,,04/15/16
0,375.072,0,0,,04/14/16
0,375.849,0,0,,04/13/16
0,381.605,0,0,,04/12/16
0,373.701,0,0,,04/11/16
0,368.688,0,0,,04/08/16
0,352.945,0,0,,04/07/16
0,358.112,0,0,,04/06/16
0,348.23,0,0,,04/05/16
0,345.297,0,0,,04/04/16
0,356.606,0,0,,04/01/16
0,350.643,0,0,,03/31/16
0,350.671,0,0,,03/30/16
0,349.875,0,0,,03/29/16
0,349.544,0,0,,03/28/16
0,350.722,0,0,,03/24/16
0,349.598,0,0,,03/23/16
0,351.926,0,0,,03/22/16
0,350.295,0,0,,03/21/16
0,347.718,0,0,,03/18/16
0,348.72,0,0,,03/17/16
0,344.936,0,0,,03/16/16
0,337.457,0,0,,03/15/16
0,339.402,0,0,,03/14/16
0,343.579,0,0,,03/11/16
0,342.081,0,0,,03/10/16
0,346.352,0,0,,03/09/16
0,331.897,0,0,,03/08/16
0,343.691,0,0,,03/07/16
0,336.249,0,0,,03/04/16
0,325.832,0,0,,03/03/16
0,325.664,0,0,,03/02/16
0,321.58,0,0,,03/01/16
0,292.252,0,0,,02/26/16
0,292.414,0,0,,02/25/16
0,291.991,0,0,,02/24/16
0,289.064,0,0,,02/23/16
0,291.7,0,0,,02/22/16
0,287.055,0,0,,02/19/16
0,289.001,0,0,,02/18/16
0,291.645,0,0,,02/17/16
0,284.356,0,0,,02/16/16
0,297.92,0,0,,02/12/16
0,279.794,0,0,,02/11/16
0,275.807,0,0,,02/10/16
0,261.57,0,0,,02/09/16
0,282.501,0,0,,02/08/16
0,294.297,0,0,,02/05/16
0,303.312,0,0,,02/04/16
0,301.957,0,0,,02/03/16
0,289.734,0,0,,02/02/16
0,310.985,0,0,,02/01/16
0,325.218,0,0,,01/29/16
0,317.958,0,0,,01/28/16
0,315.405,0,0,,01/27/16
0,313.838,0,0,,01/26/16
0,315.352,0,0,,01/25/16
0,320.921,0,0,,01/22/16
0,315.84,0,0,,01/21/16
0,313.241,0,0,,01/20/16
0,316.711,0,0,,01/19/16
0,312.804,0,0,,01/15/16
0,320.87,0,0,,01/14/16
0,319.554,0,0,,01/13/16
0,324.114,0,0,,01/12/16
0,329.279,0,0,,01/11/16
0,343.061,0,0,,01/08/16
0,356.067,0,0,,01/07/16
0,360.691,0,0,,01/06/16
0,384.774,0,0,,01/05/16
0,387.684,0,0,,01/04/16
0,381.199,0,0,,12/31/15
0,387.382,0,0,,12/30/15
0,388.31,0,0,,12/29/15
0,387.038,0,0,,12/28/15
0,388.796,0,0,,12/24/15
0,387.75,0,0,,12/23/15
0,384.728,0,0,,12/22/15
0,386.332,0,0,,12/21/15
0,388.727,0,0,,12/18/15
0,386.07,0,0,,12/17/15
0,385.162,0,0,,12/16/15
0,386.538,0,0,,12/15/15
0,387.502,0,0,,12/14/15
0,392.306,0,0,,12/11/15
0,394.794,0,0,,12/10/15
0,390.254,0,0,,12/09/15
0,391.315,0,0,,12/08/15
0,391.682,0,0,,12/07/15
0,403.708,0,0,,12/04/15
0,413.471,0,0,,12/03/15
0,410.787,0,0,,12/02/15
0,430.077,0,0,,12/01/15
0,418.987,0,0,,11/27/15
0,419.274,0,0,,11/25/15
0,419.504,0,0,,11/24/15
0,415.078,0,0,,11/23/15
0,413.331,0,0,,11/20/15
0,414.242,0,0,,11/19/15
0,412.345,0,0,,11/18/15
0,409.19,0,0,,11/17/15
0,409.709,0,0,,11/16/15
0,408.029,0,0,,11/13/15
0,410.447,0,0,,11/12/15
0,418.627,0,0,,11/11/15
0,428.858,0,0,,11/10/15
0,428.233,0,0,,11/09/15
0,427.726,0,0,,11/06/15
0,430.715,0,0,,11/05/15
0,435.556,0,0,,11/04/15
0,448.438,0,0,,11/03/15
0,433.245,0,0,,11/02/15
0,430.261,0,0,,10/30/15
0,430.093,0,0,,10/29/15
0,430.074,0,0,,10/28/15
0,426.972,0,0,,10/27/15
0,428.087,0,0,,10/26/15
0,428.636,0,0,,10/23/15
0,429.088,0,0,,10/22/15
0,427.219,0,0,,10/21/15
0,430.074,0,0,,10/20/15
0,430.636,0,0,,10/19/15
0,440.679,0,0,,10/16/15
0,437.398,0,0,,10/15/15
0,440.485,0,0,,10/14/15
0,438.909,0,0,,10/13/15
0,438.353,0,0,,10/12/15
0,451.379,0,0,,10/09/15
0,456.774,0,0,,10/08/15
0,447.853,0,0,,10/07/15
0,453.939,0,0,,10/06/15
0,433.045,0,0,,10/05/15
0,421.784,0,0,,10/02/15
0,418.653,0,0,,10/01/15
0,411.659,0,0,,09/30/15
0,411.648,0,0,,09/29/15
0,411.266,0,0,,09/28/15
0,412.431,0,0,,09/25/15
0,411.994,0,0,,09/24/15
0,411.597,0,0,,09/23/15
0,414.6,0,0,,09/22/15
0,414.658,0,0,,09/21/15
0,409.538,0,0,,09/18/15
0,415.495,0,0,,09/17/15
0,416.645,0,0,,09/16/15
0,408.245,0,0,,09/15/15
0,403.121,0,0,,09/14/15
0,410.817,0,0,,09/11/15
0,415.408,0,0,,09/10/15
0,405.817,0,0,,09/09/15
0,417.781,0,0,,09/08/15
0,412.908,0,0,,09/04/15
0,417.977,0,0,,09/03/15
0,413.634,0,0,,09/02/15
0,404.452,0,0,,09/01/15
0,402.159,0,0,,08/27/15
0,398.211,0,0,,08/26/15
0,399.416,0,0,,08/25/15
0,399.994,0,0,,08/24/15
0,407.274,0,0,,08/21/15
0,411.205,0,0,,08/20/15
0,413.024,0,0,,08/19/15
0,417.198,0,0,,08/18/15
0,416.605,0,0,,08/17/15
0,418.272,0,0,,08/14/15
0,423.236,0,0,,08/13/15
0,426.737,0,0,,08/12/15
0,423.529,0,0,,08/11/15
0,426.745,0,0,,08/10/15
0,414.708,0,0,,08/07/15
0,422.063,0,0,,08/06/15
0,427.52,0,0,,08/05/15
0,434.418,0,0,,08/04/15
0,426.512,0,0,,08/03/15
0,447.676,0,0,,07/31/15
0,472.358,0,0,,07/30/15
0,471.853,0,0,,07/29/15
0,471.608,0,0,,07/28/15
0,471.744,0,0,,07/27/15
0,472.265,0,0,,07/24/15
0,472.736,0,0,,07/23/15
0,474.008,0,0,,07/22/15
0,477.338,0,0,,07/21/15
0,477.709,0,0,,07/20/15
0,479.183,0,0,,07/17/15
0,475.496,0,0,,07/16/15
0,471.175,0,0,,07/15/15
0,474.832,0,0,,07/14/15
0,473.663,0,0,,07/13/15
0,478.021,0,0,,07/10/15
0,478.348,0,0,,07/09/15
0,473.178,0,0,,07/08/15
0,475.961,0,0,,07/07/15
0,477.665,0,0,,07/06/15
0,515.308,0,0,,07/03/15
0,515.308,0,0,,07/02/15
0,508.475,0,0,,07/01/15
0,537.891,0,0,,06/29/15
0,538.703,0,0,,06/26/15
0,538.647,0,0,,06/25/15
0,540.151,0,0,,06/24/15
0,542.795,0,0,,06/23/15
0,540.492,0,0,,06/22/15
0,540.058,0,0,,06/19/15
0,543.351,0,0,,06/18/15
0,540.52,0,0,,06/17/15
0,543.979,0,0,,06/16/15
0,546.147,0,0,,06/15/15
0,551.203,0,0,,06/12/15
0,560.332,0,0,,06/11/15
0,564.062,0,0,,06/10/15
0,554.928,0,0,,06/09/15
0,537.653,0,0,,06/08/15
0,538.488,0,0,,06/05/15
0,531.339,0,0,,06/04/15
0,546.963,0,0,,06/03/15
0,559.282,0,0,,06/02/15
0,555.955,0,0,,06/01/15
0,555.372,0,0,,05/29/15
0,549.524,0,0,,05/28/15
0,548.504,0,0,,05/27/15
0,550.236,0,0,,05/26/15
0,552.478,0,0,,05/22/15
0,556.85,0,0,,05/21/15
0,553.667,0,0,,05/20/15
0,550.383,0,0,,05/19/15
0,559.783,0,0,,05/18/15
0,562.35,0,0,,05/15/15
0,559.274,0,0,,05/14/15
0,558.692,0,0,,05/13/15
0,559.101,0,0,,05/12/15
0,551.512,0,0,,05/08/15
0,544.543,0,0,,05/07/15
0,559.022,0,0,,05/06/15
0,567.593,0,0,,05/05/15
0,562.437,0,0,,05/04/15
0,563.501,0,0,,05/01/15
0,525.613,0,0,,04/30/15
0,525.452,0,0,,04/29/15
0,524.969,0,0,,04/28/15
0,524.342,0,0,,04/27/15
0,523.913,0,0,,04/24/15
0,522.762,0,0,,04/23/15
0,517.456,0,0,,04/22/15
0,514.659,0,0,,04/21/15
0,521.126,0,0,,04/20/15
0,524.663,0,0,,04/17/15
0,527.909,0,0,,04/16/15
0,526.205,0,0,,04/15/15
0,505.219,0,0,,04/14/15
0,499.463,0,0,,04/13/15
0,495.593,0,0,,04/10/15
0,484.568,0,0,,04/09/15
0,478.501,0,0,,04/08/15
0,506.485,0,0,,04/07/15
0,512.015,0,0,,04/06/15
0,480.744,0,0,,04/03/15
0,480.744,0,0,,04/02/15
0,503.716,0,0,,04/01/15
0,505.456,0,0,,03/30/15
0,505.558,0,0,,03/27/15
0,508.743,0,0,,03/26/15
0,506.225,0,0,,03/25/15
0,502.451,0,0,,03/24/15
0,502.195,0,0,,03/23/15
0,499.929,0,0,,03/20/15
0,495.985,0,0,,03/19/15
0,499.683,0,0,,03/18/15
0,490.798,0,0,,03/17/15
0,493.772,0,0,,03/16/15
0,496.542,0,0,,03/13/15
0,505.046,0,0,,03/12/15
0,508.461,0,0,,03/11/15
0,497.431,0,0,,03/10/15
0,509.101,0,0,,03/09/15
0,515.894,0,0,,03/06/15
0,519.684,0,0,,03/05/15
0,532.917,0,0,,03/04/15
0,534.033,0,0,,03/03/15
0,516.615,0,0,,03/02/15
0,537.924,0,0,,02/27/15
0,501.304,0,0,,02/26/15
0,502.17,0,0,,02/25/15
0,499.266,0,0,,02/24/15
0,499.995,0,0,,02/23/15
0,500.085,0,0,,02/20/15
0,498.67,0,0,,02/19/15
0,479.657,0,0,,02/18/15
0,506.212,0,0,,02/17/15
0,500.782,0,0,,02/13/15
0,495.439,0,0,,02/12/15
0,482.56,0,0,,02/11/15
0,485.46,0,0,,02/10/15
0,496.136,0,0,,02/09/15
0,485.714,0,0,,02/06/15
0,474.194,0,0,,02/05/15
0,464.866,0,0,,02/04/15
0,504.204,0,0,,02/03/15
0,473.144,0,0,,02/02/15
0,457.651,0,0,,01/30/15
0,396.323,0,0,,01/29/15
0,395.582,0,0,,01/28/15
0,396.248,0,0,,01/27/15
0,393.738,0,0,,01/26/15
0,394.075,0,0,,01/23/15
0,394.643,0,0,,01/22/15
0,398.042,0,0,,01/21/15
0,392.508,0,0,,01/20/15
0,398.226,0,0,,01/16/15
0,390.72,0,0,,01/15/15
0,396.114,0,0,,01/14/15
0,381.34,0,0,,01/13/15
0,380.049,0,0,,01/12/15
0,389.939,0,0,,01/09/15
0,387.739,0,0,,01/08/15
0,385.898,0,0,,01/07/15
0,383.734,0,0,,01/06/15
0,396.66,0,0,,01/05/15
0,419.18,0,0,,01/02/15
0,491.976,0,0,,12/31/14
0,493.167,0,0,,12/30/14
0,493.598,0,0,,12/29/14
0,495.917,0,0,,12/26/14
0,496.456,0,0,,12/24/14
0,499.722,0,0,,12/23/14
0,497.627,0,0,,12/22/14
0,501.105,0,0,,12/19/14
0,493.188,0,0,,12/18/14
0,499.389,0,0,,12/17/14
0,499.82,0,0,,12/16/14
0,502.149,0,0,,12/15/14
0,502.549,0,0,,12/12/14
0,506.726,0,0,,12/11/14
0,509.396,0,0,,12/10/14
0,526.899,0,0,,12/09/14
0,523.771,0,0,,12/08/14
0,548.312,0,0,,12/05/14
0,556.574,0,0,,12/04/14
0,553.416,0,0,,12/03/14
0,559.57,0,0,,12/02/14
0,590.245,0,0,,12/01/14
0,573.566,0,0,,11/28/14
0,632.226,0,0,,11/26/14
0,632.202,0,0,,11/25/14
0,633.293,0,0,,11/24/14
0,635.333,0,0,,11/21/14
0,634.755,0,0,,11/20/14
0,632.461,0,0,,11/19/14
0,627.188,0,0,,11/18/14
0,630.934,0,0,,11/17/14
0,628.236,0,0,,11/14/14
0,619.635,0,0,,11/13/14
0,632.426,0,0,,11/12/14
0,629.759,0,0,,11/11/14
0,625.946,0,0,,11/10/14
0,646.59,0,0,,11/07/14
0,651.831,0,0,,11/06/14
0,656.296,0,0,,11/05/14
0,664.523,0,0,,11/04/14
0,679.995,0,0,,11/03/14
0,692.542,0,0,,10/31/14
0,711.885,0,0,,10/30/14
0,712.516,0,0,,10/29/14
0,711.259,0,0,,10/28/14
0,710.736,0,0,,10/27/14
0,711.946,0,0,,10/24/14
0,713.59,0,0,,10/23/14
0,710.223,0,0,,10/22/14
0,714.824,0,0,,10/21/14
0,712.322,0,0,,10/20/14
0,714.204,0,0,,10/17/14
0,711.098,0,0,,10/16/14
0,708.161,0,0,,10/15/14
0,715.872,0,0,,10/14/14
0,734.257,0,0,,10/13/14
0,734.998,0,0,,10/10/14
0,735.18,0,0,,10/09/14
0,757.444,0,0,,10/08/14
0,773.108,0,0,,10/07/14
0,782.247,0,0,,10/06/14
0,778.534,0,0,,10/03/14
0,790.719,0,0,,10/02/14
0,797.176,0,0,,10/01/14
0,841.979,0,0,,09/29/14
0,841.784,0,0,,09/26/14
0,841.923,0,0,,09/25/14
0,843.474,0,0,,09/24/14
0,844.238,0,0,,09/23/14
0,845.173,0,0,,09/22/14
0,848.79,0,0,,09/19/14
0,846.229,0,0,,09/18/14
0,849.878,0,0,,09/17/14
0,853.189,0,0,,09/16/14
0,849.301,0,0,,09/15/14
0,847.249,0,0,,09/12/14
0,848.731,0,0,,09/11/14
0,846.699,0,0,,09/10/14
0,849.671,0,0,,09/09/14
0,859.594,0,0,,09/08/14
0,865.092,0,0,,09/05/14
0,874.344,0,0,,09/04/14
0,881.493,0,0,,09/03/14
0,859.677,0,0,,09/02/14
0,878.246,0,0,,08/29/14
0,865.542,0,0,,08/28/14
0,866.143,0,0,,08/27/14
0,865.242,0,0,,08/26/14
0,864.381,0,0,,08/25/14
0,863.69,0,0,,08/22/14
0,864.622,0,0,,08/21/14
0,865.704,0,0,,08/20/14
0,862.935,0,0,,08/19/14
0,860.279,0,0,,08/18/14
0,868.012,0,0,,08/15/14
0,860.789,0,0,,08/14/14
0,872.74,0,0,,08/13/14
0,871.099,0,0,,08/12/14
0,877.775,0,0,,08/11/14
0,878.085,0,0,,08/08/14
0,885.048,0,0,,08/07/14
0,876.356,0,0,,08/06/14
0,869.184,0,0,,08/05/14
0,886.942,0,0,,08/04/14
0,893.837,0,0,,08/01/14
0,935.598,0,0,,07/30/14
0,936.668,0,0,,07/29/14
0,937.491,0,0,,07/28/14
0,939.003,0,0,,07/25/14
0,937.066,0,0,,07/24/14
0,940.043,0,0,,07/23/14
0,940.015,0,0,,07/22/14
0,941.306,0,0,,07/21/14
0,938.252,0,0,,07/18/14
0,938.946,0,0,,07/17/14
0,937.246,0,0,,07/16/14
0,944.264,0,0,,07/15/14
0,942.877,0,0,,07/14/14
0,936.329,0,0,,07/11/14
0,941.757,0,0,,07/10/14
0,936.824,0,0,,07/09/14
0,942.267,0,0,,07/08/14
0,945.886,0,0,,07/07/14
0,952.125,0,0,,07/03/14
0,951.858,0,0,,07/02/14
0,958.656,0,0,,07/01/14
0,952.339,0,0,,06/27/14
0,952.081,0,0,,06/26/14
0,953.142,0,0,,06/25/14
0,954.393,0,0,,06/24/14
0,953.644,0,0,,06/23/14
0,955.015,0,0,,06/20/14
0,954.223,0,0,,06/19/14
0,951.547,0,0,,06/18/14
0,949.108,0,0,,06/17/14
0,949.051,0,0,,06/16/14
0,947.638,0,0,,06/13/14
0,948.721,0,0,,06/12/14
0,935.595,0,0,,06/11/14
0,934.34,0,0,,06/10/14
0,935.499,0,0,,06/09/14
0,923.629,0,0,,06/06/14
0,925.141,0,0,,06/05/14
0,920.052,0,0,,06/04/14
0,924.643,0,0,,06/03/14
0,924.807,0,0,,06/02/14
0,930.374,0,0,,05/30/14
0,938.284,0,0,,05/29/14
0,937.762,0,0,,05/28/14
0,938.954,0,0,,05/27/14
0,939.637,0,0,,05/23/14
0,938.472,0,0,,05/22/14
0,938.339,0,0,,05/21/14
0,934.153,0,0,,05/20/14
0,931.308,0,0,,05/19/14
0,930.31,0,0,,05/16/14
0,928.399,0,0,,05/15/14
0,931.479,0,0,,05/14/14
0,926.644,0,0,,05/13/14
0,924.398,0,0,,05/12/14
0,923.519,0,0,,05/09/14
0,929.921,0,0,,05/08/14
0,927.121,0,0,,05/07/14
0,915.242,0,0,,05/06/14
0,915.367,0,0,,05/05/14
0,922.398,0,0,,05/02/14
0,926.072,0,0,,04/29/14
0,924.939,0,0,,04/28/14
0,926.038,0,0,,04/25/14
0,927.502,0,0,,04/24/14
0,924.961,0,0,,04/23/14
0,925.092,0,0,,04/22/14
0,924.805,0,0,,04/21/14
0,925.518,0,0,,04/15/14
0,927.67,0,0,,04/14/14
0,920.363,0,0,,04/11/14
0,918.071,0,0,,04/10/14
0,918.543,0,0,,04/09/14
0,918.921,0,0,,04/08/14
0,908.34,0,0,,04/07/14
0,909.73,0,0,,04/04/14
0,905.553,0,0,,04/03/14
0,895.39,0,0,,04/02/14
0,900.664,0,0,,04/01/14
0,911.384,0,0,,03/28/14
0,911.089,0,0,,03/27/14
0,910.191,0,0,,03/26/14
0,910.491,0,0,,03/25/14
0,911.339,0,0,,03/24/14
0,910.429,0,0,,03/21/14
0,908.405,0,0,,03/20/14
0,906,0,0,,03/19/14
0,907.948,0,0,,03/18/14
0,904.746,0,0,,03/17/14
0,914.949,0,0,,03/14/14
0,910.056,0,0,,03/12/14
0,912.475,0,0,,03/11/14
0,905.333,0,0,,03/10/14
0,911.06,0,0,,03/07/14
0,905.887,0,0,,03/06/14
0,904.157,0,0,,03/05/14
0,919.572,0,0,,03/04/14
0,934.843,0,0,,03/03/14
0,915.437,0,0,,02/28/14
0,913.497,0,0,,02/27/14
0,913.717,0,0,,02/26/14
0,913.451,0,0,,02/25/14
0,913.627,0,0,,02/24/14
0,911.74,0,0,,02/21/14
0,912.319,0,0,,02/20/14
0,913.009,0,0,,02/19/14
0,914.686,0,0,,02/18/14
0,909.158,0,0,,02/14/14
0,905.251,0,0,,02/13/14
0,906.909,0,0,,02/12/14
0,907.294,0,0,,02/11/14
0,903.199,0,0,,02/10/14
0,917.103,0,0,,02/07/14
0,905.736,0,0,,02/06/14
0,897.86,0,0,,02/05/14
0,893.32,0,0,,02/04/14
0,901.983,0,0,,02/03/14
0,918.054,0,0,,01/28/14
0,917.971,0,0,,01/27/14
0,920.883,0,0,,01/24/14
0,920.349,0,0,,01/23/14
0,922.218,0,0,,01/22/14
0,916.433,0,0,,01/21/14
0,911.093,0,0,,01/17/14
0,906.554,0,0,,01/16/14
0,914.386,0,0,,01/15/14
0,913.674,0,0,,01/14/14
0,919.637,0,0,,01/13/14
0,927.647,0,0,,01/10/14
0,920.794,0,0,,01/08/14
0,924.532,0,0,,01/07/14
0,920.883,0,0,,01/06/14
0,923.286,0,0,,01/03/14
0,928.935,0,0,,01/02/14
0,949.565,0,0,,12/31/13
0,957.17,0,0,,12/30/13
0,958.5,0,0,,12/27/13
0,958.26,0,0,,12/26/13
0,958.29,0,0,,12/24/13
0,958.04,0,0,,12/23/13
0,960.02,0,0,,12/20/13
0,957.15,0,0,,12/19/13
0,956.17,0,0,,12/18/13
0,951.2,0,0,,12/17/13
0,954.38,0,0,,12/16/13
0,948.98,0,0,,12/13/13
0,948.86,0,0,,12/12/13
0,951.26,0,0,,12/11/13
0,949.36,0,0,,12/10/13
0,947.84,0,0,,12/09/13
0,960.91,0,0,,12/06/13
0,956.88,0,0,,12/05/13
0,962.59,0,0,,12/04/13
0,971.203,0,0,,12/03/13
0,960.838,0,0,,12/02/13
0,937.114,0,0,,11/29/13
0,929.249,0,0,,11/27/13
0,930.317,0,0,,11/26/13
0,931.385,0,0,,11/25/13
0,933.076,0,0,,11/22/13
0,929.605,0,0,,11/21/13
0,922.93,0,0,,11/20/13
0,917.234,0,0,,11/19/13
0,918.658,0,0,,11/18/13
0,920.171,0,0,,11/15/13
0,925.244,0,0,,11/14/13
0,923.909,0,0,,11/13/13
0,913.941,0,0,,11/12/13
0,916.344,0,0,,11/11/13
0,908.601,0,0,,11/08/13
0,889.555,0,0,,11/07/13
0,901.036,0,0,,11/06/13
0,900.876,0,0,,11/05/13
0,907.292,0,0,,11/04/13
0,901.392,0,0,,11/01/13
0,901.926,0,0,,10/30/13
0,900.68,0,0,,10/29/13
0,901.926,0,0,,10/28/13
0,898.989,0,0,,10/25/13
0,899.256,0,0,,10/24/13
0,898.544,0,0,,10/23/13
0,905.219,0,0,,10/22/13
0,905.575,0,0,,10/21/13
0,906.643,0,0,,10/18/13
0,903.884,0,0,,10/17/13
0,909.046,0,0,,10/16/13
0,904.329,0,0,,10/15/13
0,906.287,0,0,,10/14/13
0,906.198,0,0,,10/11/13
0,907.622,0,0,,10/10/13
0,889.822,0,0,,10/09/13
0,895.696,0,0,,10/08/13
0,889.199,0,0,,10/07/13
0,889.288,0,0,,10/04/13
0,889.644,0,0,,10/03/13
0,890.178,0,0,,10/02/13
0,882.886,0,0,,10/01/13
0,930.317,0,0,,09/27/13
0,930.762,0,0,,09/26/13
0,928.804,0,0,,09/25/13
0,930.139,0,0,,09/24/13
0,931.296,0,0,,09/23/13
0,934.411,0,0,,09/20/13
0,934.945,0,0,,09/19/13
0,940.641,0,0,,09/18/13
0,934.589,0,0,,09/17/13
0,942.866,0,0,,09/16/13
0,947.761,0,0,,09/13/13
0,946.426,0,0,,09/12/13
0,944.29,0,0,,09/11/13
0,942.599,0,0,,09/10/13
0,953.635,0,0,,09/09/13
0,962.713,0,0,,09/06/13
0,953.279,0,0,,09/05/13
0,954.08,0,0,,09/04/13
0,960.125,0,0,,09/03/13
0,942.777,0,0,,08/30/13
0,914.08,0,0,,08/29/13
0,915.6,0,0,,08/28/13
0,913.88,0,0,,08/27/13
0,910.07,0,0,,08/26/13
0,910.6,0,0,,08/23/13
0,906.84,0,0,,08/22/13
0,904.56,0,0,,08/21/13
0,905.19,0,0,,08/20/13
0,904.92,0,0,,08/19/13
0,906.74,0,0,,08/16/13
0,905.55,0,0,,08/15/13
0,903.67,0,0,,08/14/13
0,898.44,0,0,,08/13/13
0,893.75,0,0,,08/12/13
0,890.14,0,0,,08/09/13
0,880.17,0,0,,08/08/13
0,882.16,0,0,,08/07/13
0,888.342,0,0,,08/06/13
0,891.335,0,0,,08/05/13
0,888.977,0,0,,08/02/13
0,892.377,0,0,,08/01/13
0,877.006,0,0,,07/30/13
0,877.362,0,0,,07/29/13
0,877.718,0,0,,07/26/13
0,877.718,0,0,,07/25/13
0,877.095,0,0,,07/24/13
0,879.142,0,0,,07/23/13
0,879.231,0,0,,07/22/13
0,881.99,0,0,,07/19/13
0,883.325,0,0,,07/18/13
0,884.215,0,0,,07/17/13
0,886.262,0,0,,07/16/13
0,887.419,0,0,,07/15/13
0,888.042,0,0,,07/12/13
0,876.739,0,0,,07/11/13
0,878.074,0,0,,07/10/13
0,870.865,0,0,,07/09/13
0,868.907,0,0,,07/08/13
0,869.53,0,0,,07/05/13
0,857.159,0,0,,07/03/13
0,849.149,0,0,,07/02/13
0,831.794,0,0,,07/01/13
0,823.646,0,0,,06/28/13
0,843.364,0,0,,06/27/13
0,843.364,0,0,,06/26/13
0,843.542,0,0,,06/25/13
0,845.233,0,0,,06/24/13
0,844.61,0,0,,06/21/13
0,844.699,0,0,,06/20/13
0,854.222,0,0,,06/19/13
0,854.578,0,0,,06/18/13
0,852.887,0,0,,06/17/13
0,857.248,0,0,,06/14/13
0,853.955,0,0,,06/13/13
0,847.725,0,0,,06/12/13
0,846.568,0,0,,06/11/13
0,852.976,0,0,,06/10/13
0,856.892,0,0,,06/07/13
0,852.264,0,0,,06/06/13
0,847.102,0,0,,06/05/13
0,855.877,0,0,,06/04/13
0,838.266,0,0,,06/03/13
0,819.535,0,0,,05/31/13
0,834.108,0,0,,05/30/13
0,833.663,0,0,,05/29/13
0,835.621,0,0,,05/28/13
0,832.773,0,0,,05/24/13
0,832.862,0,0,,05/23/13
0,833.04,0,0,,05/22/13
0,837.846,0,0,,05/21/13
0,841.139,0,0,,05/20/13
0,839.181,0,0,,05/17/13
0,833.485,0,0,,05/16/13
0,830.281,0,0,,05/15/13
0,828.234,0,0,,05/14/13
0,830.281,0,0,,05/13/13
0,834.375,0,0,,05/10/13
0,838.202,0,0,,05/09/13
0,837.49,0,0,,05/08/13
0,826.988,0,0,,05/07/13
0,822.983,0,0,,05/06/13
0,813.282,0,0,,05/03/13
0,805.806,0,0,,05/02/13
0,787.383,0,0,,05/01/13
0,819.334,0,0,,04/29/13
0,819.245,0,0,,04/26/13
0,820.046,0,0,,04/25/13
0,816.664,0,0,,04/24/13
0,815.24,0,0,,04/23/13
0,817.999,0,0,,04/22/13
0,815.863,0,0,,04/19/13
0,814.439,0,0,,04/18/13
0,809.366,0,0,,04/17/13
0,815.596,0,0,,04/16/13
0,816.219,0,0,,04/15/13
0,827.878,0,0,,04/12/13
0,834.019,0,0,,04/11/13
0,843.275,0,0,,04/10/13
0,856.002,0,0,,04/09/13
0,852.531,0,0,,04/08/13
0,847.28,0,0,,04/05/13
0,849.505,0,0,,04/04/13
0,849.861,0,0,,04/03/13
0,885.727,0,0,,04/02/13
0,894.372,0,0,,04/01/13
0,911.004,0,0,,03/27/13
0,911.004,0,0,,03/26/13
0,911.894,0,0,,03/25/13
0,911.894,0,0,,03/22/13
0,911.449,0,0,,03/21/13
0,913.941,0,0,,03/20/13
0,909.135,0,0,,03/19/13
0,913.585,0,0,,03/18/13
0,917.768,0,0,,03/15/13
0,914.92,0,0,,03/14/13
0,915.721,0,0,,03/13/13
0,915.81,0,0,,03/12/13
0,916.433,0,0,,03/11/13
0,917.679,0,0,,03/08/13
0,913.407,0,0,,03/07/13
0,912.447,0,0,,03/06/13
0,923.42,0,0,,03/05/13
0,911.716,0,0,,03/04/13
0,917.412,0,0,,03/01/13
0,992.35,0,0,,02/27/13
0,992.172,0,0,,02/26/13
0,994.397,0,0,,02/25/13
0,991.638,0,0,,02/22/13
0,989.146,0,0,,02/21/13
0,992.172,0,0,,02/20/13
0,997.245,0,0,,02/19/13
0,1000.182,0,0,,02/15/13
0,997.156,0,0,,02/14/13
0,990.57,0,0,,02/13/13
0,983.183,0,0,,02/12/13
0,979.979,0,0,,02/11/13
0,983.539,0,0,,02/08/13
0,981.225,0,0,,02/07/13
0,982.408,0,0,,02/06/13
0,962.548,0,0,,02/05/13
0,954.838,0,0,,02/04/13
0,969.091,0,0,,02/01/13
0,932.631,0,0,,01/30/13
0,931.563,0,0,,01/29/13
0,931.296,0,0,,01/28/13
0,931.029,0,0,,01/25/13
0,930.228,0,0,,01/24/13
0,931.385,0,0,,01/23/13
0,930.851,0,0,,01/22/13
0,924.354,0,0,,01/18/13
0,919.637,0,0,,01/17/13
0,910.114,0,0,,01/16/13
0,910.648,0,0,,01/15/13
0,916.522,0,0,,01/14/13
0,907.15,0,0,,01/11/13
0,926.535,0,0,,01/10/13
0,936.325,0,0,,01/09/13
0,937.864,0,0,,01/08/13
0,933.646,0,0,,01/07/13
0,931.696,0,0,,01/04/13
0,941.301,0,0,,01/03/13
0,947.203,0,0,,01/02/13
0,940.232,0,0,,12/28/12
0,942.261,0,0,,12/27/12
0,944.931,0,0,,12/26/12
0,940.89,0,0,,12/24/12
0,939.938,0,0,,12/21/12
0,942.065,0,0,,12/20/12
0,944.165,0,0,,12/19/12
0,940.178,0,0,,12/18/12
0,935.639,0,0,,12/17/12
0,932.257,0,0,,12/14/12
0,919.566,0,0,,12/13/12
0,929.062,0,0,,12/12/12
0,925.68,0,0,,12/11/12
0,930.821,0,0,,12/10/12
0,923.148,0,0,,12/07/12
0,918.192,0,0,,12/06/12
0,918.516,0,0,,12/05/12
0,927.236,0,0,,12/04/12
0,944.512,0,0,,12/03/12
0,947.602,0,0,,11/30/12
0,931.038,0,0,,11/29/12
0,929.756,0,0,,11/28/12
0,929.213,0,0,,11/27/12
0,929.756,0,0,,11/26/12
0,930.424,0,0,,11/23/12
0,930.709,0,0,,11/21/12
0,928.893,0,0,,11/20/12
0,939.529,0,0,,11/19/12
0,932.409,0,0,,11/16/12
0,928.76,0,0,,11/15/12
0,930.86,0,0,,11/14/12
0,926.152,0,0,,11/13/12
0,935.078,0,0,,11/12/12
0,934.634,0,0,,11/09/12
0,918.841,0,0,,11/08/12
0,912.272,0,0,,11/07/12
0,949.265,0,0,,11/06/12
0,929.849,0,0,,11/05/12
0,918.386,0,0,,11/02/12
0,940.403,0,0,,11/01/12
0,954.53,0,0,,10/30/12
0,955.09,0,0,,10/29/12
0,954.9,0,0,,10/26/12
0,953.4,0,0,,10/25/12
0,952.08,0,0,,10/24/12
0,952.97,0,0,,10/23/12
0,956.74,0,0,,10/22/12
0,956.81,0,0,,10/19/12